recno,LDN,RA1950,DE1950,GLON,GLAT,Area,Opacity,ID,Seq,Lynds2,Barn,_RA_icrs,_DE_icrs
1447,1457,43.24999999999999,19.333333333333332,159.11,-34.45,0.262,4,159,1455,132," ",43.95835805555555,19.534913055555553
1443,1453,43.3,20.083333333333332,158.66,-33.8,0.066,4,159,1451,133," ",44.011263611111104,20.28473944444444
1448,1458,43.74999999999999,19.999999999999996,159.14,-33.64,0.056,4,159,1457,135," ",44.461519722222214,20.199890277777776
1444,1454,43.49999999999999,19.999999999999996,158.9,-33.77,0.86,3,159,1454,134," ",44.21120166666666,20.200734166666663
1441,1451,50.74999999999999,29.999999999999996,158.5,-21.82,0.14,4,174,1449,146,"202",51.516188333333325,30.17467305555555
1445,1455,51.24999999999999,29.999999999999996,158.87,-21.56,0.025,5,174,1452,148,"204",52.017062222222215,30.17277333333333
1442,1452,51.24999999999999,30.499999999999996,158.55,-21.16,1.66,3,174,1450,149," ",52.01962138888888,30.672767777777775
1438,1448,50.74999999999999,30.499999999999996,158.18,-21.41,0.053,4,174,1446,147,"203",51.51872999999999,30.674667499999995
1440,1450,51.62499999999999,31.16666666666666,158.4,-20.43,0.009,5,174,1448,16,"205 206",52.398754999999994,31.337993611111106
1526,1536,67.49999999999999,22.999999999999996,175.12,-16.62,1.5,4,405,1534,213," ",68.25033305555554,23.104841111111106
1531,1541,70.24999999999999,22.666666666666664,177.07,-14.88,0.352,1,168,1539,250," ",71.00051138888888,22.759014444444443
1528,1538,70.74999999999999,24.999999999999996,175.49,-13.06,3.0,4,169,1536,256," ",71.51367444444443,25.09002055555555
1525,1535,68.12499999999999,23.799999999999997,174.87,-15.66,0.111,6,169,1533,224," ",68.88010416666665,23.902010277777773
1521,1531,67.24999999999999,24.216666666666665,174.0,-16.0,0.014,3,169,1529,209," ",68.00665916666665,24.322616666666665
1519,1529,67.24999999999999,24.33333333333333,173.91,-15.92,0.223,5,169,1527,210," 18",68.00729083333333,24.439281666666663
1523,1533,68.3,24.816666666666663,174.18,-14.88,0.011,5,169,1531,228," ",69.0607861111111,24.917871666666663
1524,1534,69.24999999999999,25.499999999999996,174.21,-13.79,0.87,5,169,1532,238," ",70.01533833333332,25.59688083333333
1522,1532,69.24999999999999,25.666666666666664,174.08,-13.68,0.112,4,169,1530,239," ",70.01627249999999,25.763544999999997
1518,1528,68.49999999999999,25.666666666666664,173.63,-14.2,2.0,3,169,1526,229," ",69.2656611111111,25.766954166666665
1517,1527,68.99999999999999,26.166666666666664,173.53,-13.53,0.01,6,169,1525,234," ",69.76888527777777,26.264676388888883
1514,1524,66.24999999999999,24.499999999999996,173.16,-16.5,0.324,5,169,1522,201,"215 212 210",67.00734499999999,24.61042444444444
1501,1511,64.24999999999999,24.666666666666664,171.75,-17.74,0.3,3,169,1509,189," ",65.0064236111111,24.785943611111108
1489,1499,61.87499999999999,24.666666666666664,170.18,-19.3,0.072,3,169,1497,179," ",62.629076111111104,24.79626916666666
1488,1498,61.99999999999999,24.83333333333333,170.14,-19.11,0.118,5,169,1496,180," ",62.75507583333332,24.96239583333333
1491,1501,62.99999999999999,24.999999999999996,170.68,-18.34,1.2,2,169,1499,185," ",63.75697333333333,25.124733888888887
1496,1506,64.24999999999999,25.166666666666664,171.37,-17.4,0.334,6,169,1504,190," ",65.0090961111111,25.285937499999996
1511,1521,67.49999999999999,25.999999999999996,172.76,-14.66,4.1,4,169,1519,214," 22  19  14 220",68.26666638888888,26.104801666666663
1487,1497,65.99999999999999,28.499999999999996,169.92,-13.99,0.725,2,169,1495,197," ",66.77940749999999,28.61148583333333
1527,1537,71.99999999999999,26.33333333333333,175.15,-11.34,0.382,3,169,1535,269," ",72.77215444444444,26.41756555555555
1529,1539,73.24999999999999,26.499999999999996,175.72,-10.36,2.23,1,169,1537,282," ",74.02398638888887,26.578419999999998
1509,1519,73.12499999999999,30.499999999999996,172.47,-7.98,0.063,4,173,1517,281," ",73.92307638888887,30.578943333333328
1507,1517,72.99999999999999,30.499999999999996,172.4,-8.06,0.051,6,173,1515,279," 28  27  26",73.7979761111111,30.579525555555552
1513,1523,75.74999999999999,31.66666666666666,172.92,-5.48,0.017,6,170,1521,297," 29",76.55751527777777,31.733278888888883
1502,1512,75.12499999999999,32.71666666666666,171.76,-5.27,0.016,6,172,1510,293," ",75.93897166666666,32.78620722222222
1510,1520,70.24999999999999,28.33333333333333,172.57,-11.29,0.398,1,169,1518,251," ",71.03247444444443,28.425603333333328
1498,1508,69.49999999999999,28.999999999999996,171.62,-11.36,0.183,3,169,1506,241," ",70.2857761111111,29.095691666666664
1504,1514,69.87499999999999,28.999999999999996,171.83,-11.11,0.05,4,169,1512,245," ",70.66111555555554,29.093978055555553
1494,1504,69.49999999999999,29.83333333333333,170.97,-10.82,0.336,1,169,1502,242," ",70.29079416666666,29.929012777777775
1497,1507,69.99999999999999,29.66666666666666,171.38,-10.6,0.09,5,169,1505,246," 24",70.79024749999999,29.760062777777772
1493,1503,69.3,29.83333333333333,170.85,-10.95,0.008,5,169,1501,17," 23",70.09060416666665,29.929925277777773
1490,1500,67.49999999999999,29.33333333333333,170.19,-12.46,0.972,3,169,1498,215,"219",68.28583111111111,29.438088888888885
1486,1496,69.99999999999999,31.999999999999996,169.58,-9.08,0.71,3,173,1494,247," ",70.80475694444443,32.09336111111111
1503,1513,72.24999999999999,30.749999999999996,171.79,-8.41,0.057,4,173,1511,272," ",73.04892749999999,30.83300833333333
1505,1515,72.49999999999999,30.83333333333333,171.87,-8.19,0.147,3,173,1513,274," ",73.29966305555554,30.915179722222216
1495,1505,71.24999999999999,30.999999999999996,171.05,-8.91,1.05,1,173,1503,260," ",72.04962194444444,31.08763083333333
1484,1494,72.725,35.133333333333326,168.62,-5.33,0.011,4,185,1492,277," ",73.55333194444444,35.21406444444444
1481,1491,60.39999999999999,26.149999999999995,168.08,-19.2,0.004,5,169,1490,174," ",61.160241111111105,26.285886388888887
1479,1489,60.42499999999999,26.33333333333333,167.96,-19.05,0.027,5,169,1487,175," ",61.18623833333332,26.469111388888884
1476,1486,61.24999999999999,28.999999999999996,166.55,-16.64,0.48,1,169,1484,176," ",62.02675138888888,29.13222944444444
1485,1495,63.74999999999999,27.499999999999996,169.27,-16.13,2.6,5,169,1493,187,"  7  10 211 209 216 213 218 217",64.52132972222222,27.621432222222218
1474,1484,59.99999999999999,28.999999999999996,165.72,-17.4,0.445,1,169,1482,170," ",60.77513083333333,29.137544999999996
1477,1487,68.99999999999999,34.83333333333333,166.86,-7.86,0.94,3,186,1485,235," ",69.82226166666666,34.931214722222215
1482,1492,71.49999999999999,34.99999999999999,168.08,-6.19,1.25,1,186,1489,264," ",72.32617194444444,35.086412777777774
1480,1490,72.17499999999998,35.58333333333333,167.98,-5.4,0.075,4,185,1488,271," ",73.00592722222221,35.66661166666666
1475,1485,68.49999999999999,35.58333333333333,166.02,-7.66,0.316,1,186,1483,230," ",69.32676888888888,35.68347416666666
1473,1483,67.99999999999999,36.33333333333333,165.19,-7.46,0.217,4,186,1481,220," ",68.83132444444443,36.43572583333333
1472,1482,66.24999999999999,35.49999999999999,164.83,-9.07,0.13,1,188,1480,202," ",67.0732786111111,35.61026777777777
1468,1478,64.99999999999999,36.99999999999999,163.03,-8.76,4.44,3,188,1476,193," ",65.83174777777776,37.11579694444444
1471,1481,68.99999999999999,38.166666666666664,164.35,-5.64,0.553,3,187,1479,236," ",69.8457847222222,38.26449194444444
1520,1530,79.99999999999999,32.99999999999999,173.95,-1.79,0.045,3,406,1528,314," ",80.81899027777777,33.046371666666666
1512,1522,75.99999999999999,31.999999999999996,172.79,-5.11,0.018,4,171,1520,299,"222",76.80987249999998,32.06542666666666
1500,1510,78.24999999999999,34.74999999999999,171.68,-1.97,0.252,3,406,1508,305," ",79.08012249999999,34.80470416666666
1516,1526,81.32499999999999,34.48333333333333,173.35,-0.05,0.003,4,183,1524,318," ",82.15493916666665,34.52331861111111
1506,1516,79.99999999999999,34.99999999999999,172.31,-0.65,5.62,1,406,1514,315," ",80.83294444444444,35.04633694444444
1492,1502,74.99999999999999,33.99999999999999,170.68,-4.57,0.484,1,407,1500,289," ",75.82253555555555,34.07010749999999
1483,1493,72.74999999999999,35.58333333333333,168.28,-5.03,0.463,2,185,1491,278," ",73.58150694444443,35.66394055555555
1508,1518,83.99999999999999,36.99999999999999,172.43,3.15,4.6,1,182,1516,331," ",84.8494561111111,37.02703722222222
1499,1509,82.69999999999999,37.24999999999999,171.66,2.41,0.108,3,182,1507,325," ",83.55086222222221,37.28331194444444
1478,1488,72.49999999999999,36.61666666666666,167.35,-4.54,0.568,2,184,1486,275," ",73.3386197222222,36.69841833333333
1470,1480,75.49999999999999,43.49999999999999,163.39,1.54,0.097,2,218,1478,295," ",76.39714277777777,43.56757222222222
1469,1479,68.74999999999999,39.49999999999999,163.23,-4.9,1.53,1,219,1477,233," ",69.60545055555555,39.59893833333333
1464,1474,71.24999999999999,43.99999999999999,161.07,-0.53,4.64,1,414,1472,261," ",72.14619472222222,44.087398611111105
1467,1477,74.99999999999999,43.99999999999999,162.77,1.56,0.278,4,218,1475,290," ",75.90109694444443,44.069916388888885
1466,1476,74.99999999999999,44.49999999999999,162.38,1.87,0.106,3,218,1474,291," ",75.90568749999998,44.56990527777777
1465,1475,74.99999999999999,44.99999999999999,161.98,2.18,0.368,2,218,1473,292," ",75.91035749999999,45.069893888888885
1450,1460,84.99999999999999,52.33333333333333,159.59,11.74,0.181,3,309,1458,338," ",86.00019527777776,52.35516027777777
1457,1467,86.24999999999999,52.16666666666666,160.12,12.32,0.029,3,309,1465,346," ",87.24852916666666,52.18243916666666
1456,1466,85.99999999999999,52.16666666666666,160.04,12.19,0.124,4,309,1463,345," ",86.99844499999999,52.183651944444435
1462,1472,54.49999999999999,30.999999999999996,160.57,-19.04,3.58,4,174,1470,152,"  2   1",55.27786749999999,31.16009944444444
1458,1468,54.24999999999999,31.249999999999996,160.23,-18.98,0.12,5,174,1466,151," ",55.02880277777777,31.41108944444444
1460,1470,54.99999999999999,31.66666666666666,160.47,-18.26,0.403,5,174,1468,153,"  4   3",55.78236222222221,31.82476305555555
1461,1471,56.199999999999996,32.74999999999999,160.56,-16.78,0.097,5,174,1469,155,"  5",56.99051944444444,32.90324611111111
1459,1469,59.94999999999999,36.49999999999999,160.42,-11.92,0.006,4,188,1467,169," ",60.770080555555545,36.637653888888885
1454,1464,59.349999999999994,36.53333333333333,160.03,-12.22,0.004,5,188,1462,165," ",60.16922638888888,36.673514722222215
1453,1463,59.49999999999999,36.74999999999999,159.98,-11.98,0.027,3,188,1461,166," ",60.32091472222221,36.88954777777777
1452,1462,59.24999999999999,36.83333333333333,159.77,-12.05,0.03,5,188,1460,163," ",60.071006944444434,36.973930277777775
1446,1456,57.99999999999999,36.99999999999999,158.88,-12.58,0.044,3,188,1453,158," ",58.81975888888888,37.14580666666666
1439,1449,57.49999999999999,37.49999999999999,158.24,-12.46,2.3,3,188,1447,157," ",58.32205444444443,37.647864999999996
1424,1434,53.24999999999999,37.49999999999999,155.53,-14.56,0.704,3,190,1432,150," ",54.06317249999999,37.66495277777777
1436,1446,55.74999999999999,36.99999999999999,157.47,-13.73,0.294,3,189,1444,154," ",56.56532249999999,37.15501194444444
1432,1442,56.74999999999999,38.83333333333333,156.9,-11.81,0.316,4,188,1440,156," ",57.57939222222221,38.98425638888888
1463,1473,61.99999999999999,37.99999999999999,160.6,-9.71,0.148,4,188,1471,181," ",62.833811666666655,38.12888055555555
1449,1459,61.24999999999999,39.49999999999999,159.13,-9.02,9.73,1,188,1456,177," ",62.093061944444436,39.63207777777777
1437,1447,59.99999999999999,40.666666666666664,157.62,-8.79,0.653,4,188,1445,171," ",60.84909749999999,40.804044166666664
1433,1443,59.24999999999999,40.666666666666664,157.19,-9.17,1.65,2,188,1441,164," ",60.09754166666666,40.80720444444444
1430,1440,58.62499999999999,41.33333333333333,156.39,-8.98,0.027,4,188,1438,161," ",59.47611027777777,41.47647555555555
1431,1441,59.17499999999999,41.416666666666664,156.65,-8.64,0.027,5,188,1439,162," ",60.02792666666666,41.55750694444444
1382,1391,58.49999999999999,52.99999999999999,148.77,-0.11,1.37,1,314,1390,160," ",59.45799249999999,53.14343055555555
1451,1461,69.57499999999999,44.83333333333333,159.66,-0.88,0.05,3,414,1459,244," ",70.47612444444444,44.92840722222222
1455,1465,72.24999999999999,45.91666666666666,160.06,1.25,0.077,3,413,1464,273," 25",73.16541,45.99939416666666
1435,1445,67.12499999999999,46.49999999999999,157.27,-1.02,0.084,5,412,1443,208," 17  16  15",68.03726027777776,46.60614361111111
1434,1444,67.49999999999999,46.83333333333333,157.2,-0.6,0.539,2,412,1442,216," ",68.41617666666666,46.93778166666666
1428,1438,72.99999999999999,51.49999999999999,156.05,5.17,0.171,4,334,1436,280," ",73.97657777777776,51.57909583333333
1429,1439,74.24999999999999,51.99999999999999,156.14,6.09,0.012,5,310,1437,284," ",75.23476472222221,52.0732361111111
1427,1437,73.85,51.99999999999999,155.99,5.89,0.003,5,310,1435,283," ",74.83411222222222,52.07511055555555
1421,1431,70.99999999999999,51.91666666666666,154.93,4.48,0.01,5,330,1428,258," ",71.97796416666665,52.00502416666666
1420,1430,71.24999999999999,52.04999999999999,154.93,4.69,0.009,5,331,1429,262," ",72.23007333333332,52.13719999999999
1419,1429,70.99999999999999,51.99999999999999,154.87,4.54,0.032,5,329,1427,259," ",71.97897805555554,52.08835527777777
1425,1435,71.74999999999999,51.49999999999999,155.55,4.57,0.145,4,332,1433,265," ",72.72435888888887,51.5849036111111
1426,1436,72.49999999999999,51.66666666666666,155.72,5.03,0.312,3,334,1434,276," ",73.47771999999999,51.74808555555555
1423,1433,71.74999999999999,51.83333333333333,155.3,4.78,0.019,5,333,1431,266," ",72.72837888888888,51.91822749999999
1422,1432,71.99999999999999,51.99999999999999,155.27,5.01,0.019,4,334,1430,270," ",72.9808761111111,52.08373083333333
1411,1421,67.24999999999999,51.91666666666666,153.39,2.76,0.009,5,327,1419,211," ",68.21995,52.02211527777777
1410,1420,67.24999999999999,52.16666666666666,153.21,2.93,0.002,5,327,1418,212," ",68.2229311111111,52.2721086111111
1408,1418,67.49999999999999,52.49999999999999,153.07,3.27,2.6,2,327,1416,217," 20",68.47755027777777,52.60430638888888
1398,1407,66.49999999999999,54.16666666666666,151.44,3.98,0.13,5,326,1406,204," 12",67.49613527777777,54.27541805555555
1418,1428,69.99999999999999,52.49999999999999,154.09,4.4,0.005,4,327,1426,248," ",70.98310388888888,52.59293833333333
1417,1427,69.99999999999999,52.58333333333333,154.03,4.45,0.005,4,327,1425,249," ",70.98413888888888,52.67626916666666
1416,1426,70.74999999999999,52.99999999999999,154.01,5.07,0.019,5,327,1424,257," ",71.74093944444444,53.08947777777777
1415,1425,70.49999999999999,52.99999999999999,153.91,4.96,0.093,4,327,1423,254," ",71.49042388888888,53.09062805555555
1414,1424,70.24999999999999,53.16666666666666,153.68,4.95,0.006,5,327,1422,252," ",71.2420272222222,53.2584386111111
1413,1423,70.24999999999999,53.24999999999999,153.62,5.01,0.001,5,327,1421,253," ",71.2430961111111,53.34176944444444
1412,1422,71.24999999999999,53.99999999999999,153.43,5.94,1.13,1,328,1420,263," ",72.25503166666665,54.08714138888888
1409,1419,71.74999999999999,54.66666666666666,153.11,6.59,0.079,2,328,1417,267," ",72.76515277777777,54.75147416666666
1404,1414,67.49999999999999,53.33333333333333,152.46,3.84,0.201,3,327,1412,218," ",68.48791166666666,53.437615833333325
1407,1417,69.24999999999999,53.83333333333333,152.79,4.94,0.005,5,325,1415,240," ",70.24847638888888,53.92966194444444
1406,1416,68.99999999999999,53.99999999999999,152.56,4.94,0.007,5,324,1414,237," ",70.00009805555554,54.09746333333332
1405,1415,69.49999999999999,54.33333333333333,152.51,5.38,0.064,3,328,1413,243," ",70.50569805555554,54.428504999999994
1403,1412,68.24999999999999,54.33333333333333,152.02,4.84,0.002,5,323,1411,226," ",69.2527486111111,54.434194722222216
1402,1411,67.99999999999999,54.33333333333333,151.92,4.73,0.009,4,322,1410,221," ",69.00213777777776,54.43532722222221
1399,1408,66.99999999999999,54.41666666666666,151.46,4.36,0.156,3,326,1407,206," ",68.00073166666665,54.52316777777777
1401,1410,67.99999999999999,54.74999999999999,151.61,5.02,0.003,5,321,1409,222," ",69.00775499999999,54.85198083333333
1400,1409,67.99999999999999,54.83333333333333,151.55,5.07,0.009,4,320,1408,223," ",69.00889249999999,54.935311388888884
1397,1406,68.49999999999999,55.29999999999999,151.4,5.6,0.005,5,319,1405,231," ",69.51660888888888,55.39969666666666
1386,1395,62.49999999999999,53.99999999999999,149.89,2.21,1.46,2,315,1394,183," ",63.48273388888888,54.12638777777777
1389,1398,63.74999999999999,54.33333333333333,150.19,2.96,0.49,3,315,1397,188," ",64.74069999999999,54.4542636111111
1388,1397,64.24999999999999,54.74999999999999,150.11,3.46,0.018,5,315,1396,191," ",65.24761194444443,54.86872249999999
1393,1402,64.99999999999999,54.49999999999999,150.59,3.59,0.172,4,315,1401,194," 13",65.99645416666665,54.61541999999999
1391,1400,65.24999999999999,54.83333333333333,150.46,3.93,0.011,3,315,1399,196," ",66.25158472222222,54.94763555555555
1390,1399,64.99999999999999,54.99999999999999,150.24,3.94,0.163,5,315,1398,195," ",66.00311833333332,55.115404999999996
1387,1396,64.24999999999999,54.99999999999999,149.93,3.64,0.07,3,315,1395,192," 11",65.25094472222221,55.118714999999995
1384,1393,62.24999999999999,54.66666666666666,149.33,2.6,0.018,5,315,1392,182," ",63.24048416666666,54.79411805555555
1381,1390,61.24999999999999,54.99999999999999,148.68,2.46,0.952,3,315,1389,178," ",62.241629999999994,55.13174749999999
1383,1392,62.49999999999999,54.99999999999999,149.2,2.94,0.034,5,315,1391,184,"  8",63.49563083333332,55.12635916666666
1385,1394,63.24999999999999,55.16666666666666,149.4,3.36,0.184,5,315,1393,186," ",64.2501761111111,55.28975888888888
1396,1405,67.49999999999999,55.16666666666666,151.11,5.09,0.172,4,319,1404,219," 21",68.5122086111111,55.270893333333326
1395,1404,66.49999999999999,55.16666666666666,150.72,4.67,0.025,5,318,1403,205," ",67.5095611111111,55.275387499999994
1394,1403,66.12499999999999,55.08333333333333,150.63,4.46,0.003,5,317,1402,200," ",67.1323975,55.19373361111111
1392,1401,65.99999999999999,55.099999999999994,150.57,4.42,0.017,5,316,1400,198," ",67.00728194444443,55.21095777777777
1289,1295,10.499999999999998,52.16666666666666,121.91,-10.42,0.029,5,335,1295,59," ",11.208509166666666,52.44002027777777
1290,1296,10.499999999999998,52.49999999999999,121.92,-10.09,0.032,3,336,1296,60," ",11.20933361111111,52.773353055555546
1293,1299,10.549999999999999,55.46666666666666,122.03,-7.12,0.005,5,337,1299,61," ",11.267625833333332,55.73996666666666
1259,1265,1.7499999999999998,58.58333333333333,117.54,-3.57,0.003,3,374,1265,33," ",2.4073202777777776,58.86147888888888
1280,1286,7.999999999999999,58.66666666666666,120.79,-3.86,0.06,2,403,1286,44," ",8.707475833333332,58.94204055555555
1304,1310,15.999999999999998,58.99999999999999,124.93,-3.54,1.11,2,402,1310,65," ",16.772056666666664,59.267019722222216
1284,1290,9.749999999999998,60.83333333333332,121.78,-1.74,0.013,5,399,1291,47," ",10.478767499999998,61.10733249999999
1292,1298,10.124999999999998,60.83333333333332,121.96,-1.75,0.015,5,399,1298,54," ",10.857009722222221,61.107004999999994
1294,1300,10.249999999999998,61.16666666666666,122.04,-1.42,0.008,5,399,1300,56," ",10.984375833333331,61.44022583333332
1296,1302,10.249999999999998,61.58333333333332,122.05,-1.0,0.005,4,399,1302,57," ",10.986023055555554,61.85689138888888
1285,1291,9.825,61.74999999999999,121.85,-0.83,0.004,5,399,1292,49," ",10.557877777777776,62.023932222222214
1288,1294,9.849999999999998,61.99999999999999,121.87,-0.58,0.002,5,399,1294,50," ",10.584085277777776,62.273909999999994
1295,1301,10.2,62.18333333333332,122.04,-0.4,0.002,5,399,1301,55," ",10.938018055555554,62.456934444444435
1291,1297,9.999999999999998,62.49999999999999,121.96,-0.08,0.061,4,399,1297,51," ",10.737491944444443,62.77377777777777
1287,1293,9.749999999999998,62.83333333333332,121.86,0.26,0.011,4,399,1293,48," ",10.486541666666666,63.10732722222221
1277,1283,4.999999999999999,61.43333333333332,119.54,-0.97,0.008,3,375,1283,42," ",5.688590277777777,61.710448611111104
1276,1282,4.749999999999999,61.49999999999999,119.43,-0.89,0.016,4,376,1282,40," ",5.436474166666666,61.77722638888888
1274,1280,4.249999999999999,62.383333333333326,119.3,0.01,0.019,4,377,1280,39," ",4.933546944444444,62.66076472222221
1278,1284,4.749999999999999,62.91666666666666,119.59,0.51,0.01,2,378,1284,41," ",5.439327777777777,63.1938911111111
1281,1287,8.249999999999998,63.16666666666666,121.2,0.62,0.021,4,399,1287,45," ",8.973580555555554,63.44185138888888
1279,1285,5.499999999999999,62.91666666666666,119.93,0.48,0.013,2,379,1285,43," ",6.196495555555555,63.19354194444443
1273,1279,3.7499999999999996,63.49999999999999,119.22,1.15,0.025,4,380,1279,37," ",4.430767777777778,63.77761472222221
1275,1281,3.9999999999999996,63.66666666666666,119.35,1.3,0.006,4,381,1281,38," ",4.683538055555555,63.94419138888888
1272,1278,3.2499999999999996,63.58333333333332,119.01,1.26,0.017,3,273,1278,36," ",3.9259838888888883,63.86111166666666
1271,1277,2.7499999999999996,63.74999999999999,118.81,1.46,0.007,3,272,1277,35," ",3.421274444444444,64.02792027777777
1270,1276,2.4999999999999996,63.74999999999999,118.7,1.48,0.004,2,272,1276,34," ",3.1687877777777773,64.02798333333332
1365,1374,37.74999999999999,58.16666666666666,136.13,-1.82,0.011,4,393,1371,120," ",38.669148333333325,58.38535666666666
1376,1385,49.24999999999999,59.633333333333326,140.73,2.21,0.004,5,383,1383,144," ",50.25453138888888,59.813149444444434
1375,1384,48.99999999999999,59.83333333333332,140.51,2.32,0.068,4,385,1382,143," ",50.00611916666666,60.01407138888888
1373,1382,48.24999999999999,59.883333333333326,140.17,2.16,0.01,4,387,1380,141," ",49.2527425,60.06683277777777
1374,1383,48.49999999999999,59.91666666666666,140.26,2.25,0.003,4,386,1381,142," ",49.50461138888888,60.09924777777777
1377,1386,49.54999999999999,59.49999999999999,140.93,2.18,0.008,5,384,1384,145," ",50.55418416666666,59.678701944444434
1371,1380,47.92499999999999,59.96666666666666,139.98,2.15,0.001,5,388,1378,139," ",48.92715555555555,60.151351111111104
1372,1381,48.12499999999999,60.033333333333324,140.03,2.25,0.006,5,389,1379,140," ",49.12925055555555,60.21728583333333
1370,1379,47.87499999999999,60.16666666666666,139.86,2.3,0.002,5,390,1377,138," ",48.879817777777774,60.35152777777777
1369,1378,47.724999999999994,60.14999999999999,139.8,2.25,0.001,5,391,1376,136," ",48.72872527777777,60.335407222222216
1368,1377,47.74999999999999,60.83333333333332,139.46,2.84,0.025,4,392,1375,137," ",48.76416499999999,61.018630555555546
1791,,42.49999999999999,60.33333333333332,137.44,1.16,0.0,,393,1374,130," ",43.475201944444436,60.536921111111106
1367,1376,39.99999999999999,60.33333333333332,136.32,0.63,0.019,5,393,1373,125," ",40.95923138888888,60.54503083333333
1366,1375,40.24999999999999,60.66666666666666,136.3,0.98,0.029,3,393,1372,127," ",41.21525749999999,60.87756388888888
1362,1371,37.74999999999999,60.49999999999999,135.24,0.34,0.206,4,393,1368,121," ",38.69640305555555,60.718647222222216
1361,1370,36.99999999999999,60.24999999999999,134.99,-0.03,0.035,5,393,1367,115," ",37.93823777777777,60.47089499999999
1356,1365,36.24999999999999,60.58333333333332,134.52,0.14,0.093,4,393,1362,112," ",37.18714055555555,60.80642722222221
1354,1363,35.99999999999999,60.83333333333332,134.32,0.33,0.011,4,393,1360,109," ",36.93844972222222,61.05714916666666
1360,1369,37.49999999999999,61.16666666666666,134.87,0.91,0.012,3,393,1366,119," ",38.45318388888888,61.38605277777777
1358,1367,36.99999999999999,61.08333333333332,134.68,0.74,0.016,4,393,1364,116," ",37.948608888888884,61.30421249999999
1359,1368,37.24999999999999,61.16666666666666,134.76,0.87,0.006,3,393,1365,117," ",38.20143305555555,61.386800555555546
1357,1366,37.24999999999999,61.49999999999999,134.64,1.17,0.215,3,393,1363,118," ",38.20578472222222,61.72012722222221
1355,1364,36.49999999999999,61.33333333333332,134.36,0.89,0.015,4,393,1361,113," ",37.44827194444444,61.55568222222222
1364,1373,38.49999999999999,60.99999999999999,135.38,0.94,12.0,2,393,1370,123," ",39.457924999999996,61.21635638888888
1363,1372,38.49999999999999,61.16666666666666,135.32,1.1,0.027,3,393,1369,124," ",39.46012583333333,61.383019444444436
1378,1387,58.12499999999999,55.91666666666666,146.74,1.99,0.028,4,313,1385,159,"  6",59.11778416666666,56.06158083333332
1379,1388,59.74999999999999,56.66666666666666,146.94,3.15,0.007,4,312,1386,168," ",60.75902388888888,56.80474916666666
1380,1389,60.12499999999999,56.76666666666666,147.03,3.36,0.002,6,311,1387,173," ",61.136798055555545,56.9031586111111
1342,1351,31.774999999999995,60.58333333333332,132.45,-0.58,0.003,5,393,1348,102," ",32.68017861111111,60.818773055555546
1341,1350,31.474999999999994,60.74999999999999,132.26,-0.46,0.004,4,393,1347,101," ",32.37977833333333,60.986214166666656
1338,1347,28.624999999999996,62.08333333333332,130.58,0.45,0.045,3,259,1344,99," ",29.522253055555552,62.326582222222214
1339,1348,28.749999999999996,62.16666666666666,130.62,0.54,0.045,3,394,1345,100," ",29.64917583333333,62.40961749999999
1335,1343,28.124999999999996,62.16666666666666,130.34,0.47,0.021,5,395,1341,95," ",29.01910305555555,62.41109027777777
1337,1346,28.374999999999996,62.383333333333326,130.4,0.71,0.015,5,397,1343,97," ",29.27350944444444,62.62716833333332
1336,1345,28.374999999999996,62.39999999999999,130.39,0.73,0.015,5,262,1342,98," ",29.273693611111106,62.643834722222216
1310,1316,18.999999999999996,61.16666666666666,126.25,-1.26,0.045,3,400,1316,71," ",19.809575277777775,61.429178055555546
1308,1314,18.499999999999996,61.16666666666666,126.01,-1.29,0.008,4,399,1314,70," ",19.30537055555555,61.4299786111111
1307,1313,18.249999999999996,61.41666666666666,125.87,-1.05,0.036,3,399,1313,69," ",19.05496833333333,61.68036972222222
1315,1322,20.249999999999996,60.99999999999999,126.87,-1.36,0.004,5,400,1321,76," ",21.068791388888886,61.26042388888888
1316,1323,20.499999999999996,61.16666666666666,126.97,-1.18,0.024,4,399,1322,77," ",21.322108888888884,61.42665638888888
1317,1324,20.749999999999996,61.33333333333332,127.07,-1.0,0.036,4,401,1323,78," ",21.575464999999998,61.59288388888888
1312,1319,19.999999999999996,60.99999999999999,126.75,-1.37,0.206,3,400,1320,75," ",20.816721944444442,61.26085166666666
1311,1317,19.949999999999996,61.58333333333332,126.66,-0.8,0.002,5,399,1318,73," ",20.770635277777775,61.844265555555545
1309,1315,19.249999999999996,62.83333333333332,126.19,0.41,0.282,3,399,1315,72," ",20.074204166666664,63.09542527777777
1330,1337,25.499999999999996,61.66666666666666,129.24,-0.29,0.012,4,264,1336,88," ",26.367612499999996,61.91695916666666
1327,1334,24.999999999999996,61.69999999999999,129.01,-0.31,0.011,3,264,1334,87," ",25.86383333333333,61.95134916666666
1325,1332,24.749999999999996,61.79999999999999,128.87,-0.23,0.009,4,264,1331,86," ",25.61271194444444,62.051869444444435
1332,1339,27.749999999999996,62.26666666666666,130.14,0.53,0.003,5,396,1338,91," ",28.642114166666662,62.511958333333325
1334,1341,28.049999999999997,62.44999999999999,130.24,0.74,0.002,4,398,1340,93," ",28.94657111111111,62.694594444444434
1331,1338,27.749999999999996,62.46666666666666,130.1,0.72,0.003,4,261,1337,92," ",28.644274722222217,62.71195583333333
1319,1326,21.824999999999996,62.83333333333332,127.36,0.56,0.003,5,399,1325,80," ",22.67217222222222,63.090931666666656
1318,1325,21.624999999999996,62.83333333333332,127.27,0.54,0.003,5,265,1324,79," ",22.470403055555554,63.09129972222221
1324,1331,23.749999999999996,64.24999999999999,127.97,2.09,0.063,1,279,1330,84," ",24.628470555555552,64.50388027777777
1323,1330,23.249999999999996,64.99999999999999,127.63,2.8,0.019,4,282,1329,83," ",24.131912777777774,65.25486222222221
1322,1329,22.999999999999996,64.99999999999999,127.53,2.78,0.034,3,281,1328,82," ",23.879503055555553,65.25534999999999
1320,1327,22.749999999999996,65.16666666666666,127.4,2.92,0.054,1,280,1326,81," ",23.62891111111111,65.42249777777776
1351,1360,35.74999999999999,60.99999999999999,134.15,0.45,0.011,4,393,1357,108," ",36.68873388888888,61.22453499999999
1347,1356,34.74999999999999,61.49999999999999,133.52,0.75,0.079,4,393,1354,105," ",35.68769972222222,61.727372222222215
1353,1362,35.99999999999999,60.99999999999999,134.26,0.49,0.004,4,393,1359,110," ",36.94050833333333,61.223812777777766
1352,1361,36.12499999999999,61.41666666666666,134.17,0.9,0.011,4,393,1358,111," ",37.07165194444444,61.6401086111111
1350,1359,35.49999999999999,61.83333333333332,133.74,1.18,0.061,5,393,1356,107," ",36.44745749999999,62.05857083333333
1345,1354,33.99999999999999,61.49999999999999,133.18,0.63,0.016,4,393,1351,104," ",34.93215972222222,61.72946138888888
1340,1349,32.49999999999999,65.99999999999999,131.12,4.68,1.18,1,283,1346,103," ",33.482946388888884,66.23343583333332
1343,1352,37.74999999999999,67.16666666666666,132.68,6.5,0.017,1,295,1349,122," ",38.80234694444444,67.38515
1344,1353,39.99999999999999,67.99999999999999,133.14,7.61,2.51,1,291,1350,126," ",41.09087083333333,68.21148472222221
1328,1335,26.999999999999996,65.83333333333333,129.0,3.92,0.615,3,276,1333,89," ",27.92840805555555,66.08028222222221
1321,1328,23.749999999999996,66.99999999999999,127.48,4.8,1.53,1,283,1327,85," ",24.66119833333333,67.25384583333333
1329,1336,27.499999999999996,66.49999999999999,129.04,4.62,1.37,3,283,1335,90," ",28.442684444444442,66.7458025
1306,1312,17.749999999999996,61.83333333333332,125.59,-0.66,0.111,4,399,1312,68," ",18.55352861111111,62.09780388888888
1303,1309,15.999999999999998,61.99999999999999,124.76,-0.55,0.432,2,399,1309,66," ",16.78927222222222,62.26700527777777
1300,1306,14.999999999999998,61.99999999999999,124.29,-0.57,11.0,1,399,1306,62," ",15.780401666666664,62.26834138888888
1297,1303,9.999999999999998,64.99999999999999,122.05,2.42,0.7,2,278,1303,52," ",10.74886111111111,65.27377055555554
1301,1307,15.499999999999998,64.99999999999999,124.37,2.43,2.28,3,275,1307,64," ",16.305244166666665,65.26766749999999
1299,1305,14.999999999999998,67.49999999999999,124.06,4.92,2.68,1,274,1305,63," ",15.82044361111111,67.76831138888888
1282,1288,8.749999999999998,65.83333333333333,121.57,3.27,0.342,2,277,1289,46," ",9.48965222222222,66.10813555555555
1261,1267,359.49999999999994,66.49999999999999,117.94,4.4,0.019,3,271,1267,818," ",0.13868333333333333,66.7783211111111
1269,1275,0.9999999999999999,67.16666666666666,118.64,4.95,0.02,5,271,1275,32," ",1.6561408333333332,67.4449136111111
1264,1270,359.74999999999994,66.88333333333333,118.11,4.76,0.009,4,271,1270,820," ",0.39152638888888885,67.16165527777777
1263,1269,359.49999999999994,66.88333333333333,118.01,4.78,0.025,4,271,1269,819," ",0.13864611111111108,67.16165416666665
1266,1272,0.0,66.99999999999999,118.23,4.85,8.69,1,271,1272,30," ",0.6444283333333333,67.27831777777777
1265,1271,359.74999999999994,66.99999999999999,118.13,4.87,0.01,5,271,1271,821," ",0.39153138888888883,67.27832194444443
1267,1273,0.0,68.24999999999999,118.46,6.08,0.199,2,271,1273,31," ",0.644671111111111,68.52831666666665
1298,1304,9.999999999999998,69.49999999999999,122.21,6.91,4.0,1,357,1304,53," ",10.775922777777776,69.77375555555554
1302,1308,17.499999999999996,72.66666666666666,124.59,10.13,1.57,1,358,1308,67," ",18.417927222222218,72.93141972222222
1348,1357,41.99999999999999,68.66666666666666,133.52,8.53,0.004,6,292,1353,128," ",43.12525694444444,68.87165138888888
1346,1355,42.05,68.83333333333333,133.46,8.68,0.007,6,293,1352,129," ",43.17994833333333,69.03814583333332
1349,1358,42.74999999999999,69.16666666666666,133.53,9.09,0.006,6,294,1355,131," ",43.89517944444444,69.3691361111111
1333,1340,36.49999999999999,72.73333333333332,130.15,11.49,0.001,5,360,1339,114," ",37.68443694444444,72.95533027777776
1326,1333,35.24999999999999,75.24999999999999,128.88,13.71,0.007,6,359,1332,106," ",36.5153111111111,75.47549055555554
1313,1320,59.99999999999999,85.49999999999999,126.65,24.33,0.465,1,345,1317,172," ",63.80704972222221,85.63110694444443
1788,,159.49999999999997,60.58333333333332,147.49,50.14,0.169,4,344,1388,427," ",160.3093094444444,60.321951111111105
1314,1321,157.49999999999997,84.49999999999999,126.69,31.87,1.76,1,347,1319,426," ",159.18260527777775,84.24131999999999
1305,1311,169.99999999999997,84.99999999999999,125.23,32.01,1.66,1,348,1311,428," ",171.14745805555552,84.72544083333332
722,726,295.99999999999994,15.83333333333333,53.4,-4.44,0.03,1,155,726,349," ",296.5696794444444,15.95662222222222
729,733,295.49999999999994,16.999999999999996,54.17,-3.44,0.398,2,154,733,338," ",296.0638286111111,17.121093055555555
741,745,296.49999999999994,17.666666666666664,55.23,-3.93,0.49,2,153,745,357," ",297.0613016666666,17.792109999999997
749,753,296.49999999999994,18.166666666666664,55.66,-3.68,0.005,5,153,753,358," ",297.05890388888884,18.29210472222222
725,729,294.525,17.166666666666664,53.85,-2.55,0.023,5,0,729,321," ",295.08741277777773,17.28347361111111
733,737,294.49999999999994,18.166666666666664,54.7,-2.03,0.077,4,0,737,319," ",295.05753361111107,18.28335222222222
743,747,294.74999999999994,18.749999999999996,55.33,-1.95,0.017,4,0,747,325," ",295.3048422222222,18.86778083333333
750,754,296.24999999999994,18.583333333333332,55.9,-3.26,0.008,4,152,754,352," ",296.8067136111111,18.70768083333333
754,758,296.12499999999994,18.833333333333332,56.05,-3.03,0.029,5,0,757,350," ",296.6804097222222,18.957134166666663
762,766,296.74999999999994,19.499999999999996,56.93,-3.21,1.04,2,151,766,361," ",297.3026327777777,19.62650694444444
753,757,294.99999999999994,19.449999999999996,56.05,-1.81,0.033,4,0,758,328," ",295.5515675,19.568873055555553
739,743,294.04999999999995,18.833333333333332,55.07,-1.33,0.014,4,0,743,314," ",294.60395416666665,18.94802194444444
748,752,294.17499999999995,19.416666666666664,55.64,-1.15,0.012,4,0,752,316," ",294.7261455555555,19.531901944444442
738,742,292.74999999999994,19.499999999999996,55.05,0.06,0.047,4,0,742,296," ",293.29975638888885,19.60889472222222
761,765,295.49999999999994,20.166666666666664,56.91,-1.85,0.04,4,0,765,339," ",296.0483866666666,20.287724444444443
783,787,297.74999999999994,21.999999999999996,59.56,-2.73,24.0,2,0,787,368," ",298.29114027777774,22.130789444444442
785,789,296.87499999999994,23.499999999999996,60.43,-1.26,0.014,3,144,789,363," ",297.40771527777775,23.627002777777776
793,797,300.87499999999994,23.33333333333333,62.22,-4.48,0.013,3,0,797,398," ",301.4126247222222,23.477316388888884
797,801,300.32499999999993,24.166666666666664,62.65,-3.61,0.041,3,0,801,389," ",300.85787027777775,24.30834583333333
801,805,299.87499999999994,24.616666666666664,62.81,-3.02,0.005,4,0,805,385," ",300.40509416666663,24.75645333333333
798,802,299.4,24.83333333333333,62.77,-2.54,0.005,4,0,802,380," ",299.92846,24.971116111111108
805,809,300.49999999999994,24.999999999999996,63.44,-3.3,2.2,1,0,809,390," ",301.0288494444444,25.142401388888885
810,814,300.49999999999994,26.58333333333333,64.78,-2.45,0.032,3,0,814,391," ",301.0206802777777,26.72571694444444
814,818,303.74999999999994,25.999999999999996,65.89,-5.2,10.0,1,0,818,425," ",304.27782111111105,26.155729999999995
820,824,303.49999999999994,29.249999999999996,68.47,-3.2,0.212,4,0,824,421," ",304.0107263888888,29.404685277777773
842,846,309.99999999999994,28.999999999999996,71.6,-7.96,3.0,1,0,846,477," ",310.5225608333333,29.179911388888886
864,868,311.24999999999994,31.999999999999996,74.65,-6.96,0.654,2,0,868,492," ",311.7600127777777,32.18447722222222
840,844,307.09999999999997,30.499999999999996,71.29,-5.04,0.02,3,0,844,448," ",307.60996888888883,30.668909166666662
823,827,303.99999999999994,29.549999999999997,68.96,-3.4,0.055,4,0,827,426," ",304.5098938888888,29.706697222222218
834,838,305.49999999999994,30.616666666666664,70.58,-3.85,0.008,4,0,838,441," ",306.0066261111111,30.779325555555552
833,837,305.47499999999997,30.616666666666664,70.57,-3.84,0.008,4,176,837,440," ",305.9815841666666,30.779226666666663
847,851,307.07499999999993,31.499999999999996,72.09,-4.44,0.02,3,175,851,447," ",307.57965361111104,31.668801666666663
860,864,309.99999999999994,31.999999999999996,73.99,-6.12,5.0,3,0,864,478," ",310.5075305555555,32.17988138888889
855,859,307.34999999999997,32.166666666666664,72.77,-4.23,0.015,4,0,860,449," ",307.8515858333333,32.336522499999994
866,870,308.74999999999994,34.99999999999999,75.74,-3.47,25.0,2,0,870,464," ",309.2387658333333,35.17516694444444
870,874,309.99999999999994,34.99999999999999,76.37,-4.28,0.98,1,0,874,479," ",310.4914755555555,35.17984944444444
869,873,309.74999999999994,34.99999999999999,76.24,-4.12,0.98,1,181,873,472," ",310.24092777777776,35.17891972222222
908,912,316.49999999999994,38.49999999999999,82.42,-6.0,0.8,1,0,912,559," ",316.9884613888888,38.70273555555555
900,904,312.74999999999994,38.99999999999999,80.87,-3.47,8.0,1,0,904,499," ",313.2252958333333,39.1898036111111
912,916,313.99999999999994,40.99999999999999,83.01,-2.9,1.44,2,0,916,508," ",314.46677388888884,41.19418361111111
968,973,323.87499999999994,42.99999999999999,89.6,-6.74,0.029,5,191,972,645,"159",324.3629980555555,43.225536111111104
972,977,324.24999999999994,42.99999999999999,89.8,-6.93,0.034,4,191,976,649," ",324.73938277777773,43.22660111111111
974,979,324.37499999999994,43.133333333333326,89.96,-6.89,0.002,5,191,978,654," ",324.86413916666663,43.36028583333333
964,969,322.99999999999994,43.36666666666666,89.37,-6.04,0.018,3,192,968,628," ",323.48277749999994,43.58967749999999
939,944,318.94999999999993,43.08333333333333,87.04,-4.2,0.002,6,202,943,586," ",319.41995499999996,43.29400361111111
922,927,315.49999999999994,40.89999999999999,83.69,-3.82,0.025,4,0,926,542," ",315.9718547222222,41.0993461111111
927,932,315.99999999999994,41.666666666666664,84.51,-3.58,0.004,4,0,931,550," ",316.4687869444444,41.86769444444444
929,934,316.29999999999995,41.916666666666664,84.85,-3.58,0.011,4,0,933,558," ",316.76821749999993,42.11869861111111
932,937,316.99999999999994,42.24999999999999,85.45,-3.74,8.13,3,0,936,568," ",317.4684444444444,42.4543561111111
937,942,318.62499999999994,42.99999999999999,86.82,-4.08,0.006,5,203,941,583," ",319.09433888888884,43.20963416666666
938,943,318.69999999999993,43.18333333333333,86.99,-4.0,0.009,3,203,942,584," ",319.1684927777777,43.393205277777774
933,938,316.74999999999994,42.49999999999999,85.5,-3.43,0.316,3,204,937,564," ",317.2161091666666,42.70352555555555
943,948,319.69999999999993,43.033333333333324,87.4,-4.62,0.001,5,197,947,595," ",320.1728494444444,43.24637138888888
942,947,319.525,43.099999999999994,87.35,-4.48,0.008,5,198,946,592," ",319.9968472222222,43.31248833333333
946,951,319.79999999999995,43.099999999999994,87.49,-4.63,0.005,6,195,950,597," ",320.2728061111111,43.31335027777777
948,953,319.87499999999994,43.16666666666666,87.58,-4.62,0.001,6,196,952,599," ",320.34767611111107,43.38025055555555
944,949,319.37499999999994,43.31666666666666,87.43,-4.25,0.014,5,201,949,588," ",319.8450355555555,43.528680555555546
941,946,319.275,43.24999999999999,87.33,-4.25,0.001,5,200,945,587," ",319.7450847222222,43.46169888888888
947,952,319.65,43.24999999999999,87.52,-4.44,0.001,5,199,951,594," ",320.1213952777777,43.46287916666666
978,983,322.62499999999994,44.83333333333333,90.17,-4.78,0.068,3,193,982,624,"156 155",323.09800833333327,45.055233611111106
981,986,322.62499999999994,44.99999999999999,90.28,-4.66,0.079,2,193,985,625," ",323.0970277777777,45.22189888888888
960,965,319.49999999999994,45.66666666666666,89.16,-2.66,0.43,3,239,964,590," ",319.9558855555555,45.87904916666666
963,968,320.17499999999995,45.33333333333333,89.26,-3.23,0.014,2,194,967,604," ",320.6355791666666,45.54782833333333
971,976,320.57499999999993,45.79999999999999,89.79,-3.09,0.0,2,239,975,605," ",321.0341630555555,46.01572555555555
975,980,320.74999999999994,45.99999999999999,90.02,-3.03,0.0,1,239,979,607," ",321.2085730555555,46.21626055555555
967,972,319.87499999999994,45.91666666666666,89.52,-2.67,0.05,4,239,971,600," ",320.33070472222215,46.130221666666664
969,974,319.37499999999994,46.41666666666666,89.63,-2.07,0.192,4,239,973,589," ",319.8254813888888,46.62864722222221
988,993,321.19999999999993,47.199999999999996,91.07,-2.38,0.001,4,234,992,611," ",321.6525966666666,47.41762027777777
990,995,321.22499999999997,47.29999999999999,91.15,-2.32,0.001,4,235,994,613," ",321.6770383333333,47.517694999999996
989,994,321.04999999999995,47.43333333333333,91.16,-2.14,0.009,3,238,995,610," ",321.50042777777776,47.65049499999999
992,997,321.19999999999993,47.46666666666666,91.26,-2.19,0.001,5,237,998,612," ",321.6508272222222,47.684283888888885
1049,1055,327.82499999999993,46.96666666666666,94.32,-5.53,0.199,3,225,1053,708,"168",328.30737666666664,47.20289333333333
1024,1030,326.15,46.86666666666666,93.37,-4.88,0.031,4,229,1029,686," ",326.62559611111107,47.098480277777774
1036,1042,326.82499999999993,47.16666666666666,93.92,-4.94,0.015,5,225,1042,700," ",327.3018194444444,47.40028055555555
1005,1010,324.24999999999994,46.83333333333333,92.36,-4.06,0.182,4,230,1009,650," ",324.71765277777774,47.05990027777777
1025,1031,325.99999999999994,46.99999999999999,93.37,-4.71,0.02,5,229,1030,684," ",326.4741691666666,47.231407499999996
1015,1020,325.24999999999994,46.99999999999999,92.98,-4.38,0.136,3,229,1019,674," ",325.7209219444444,47.2293586111111
1019,1024,325.09999999999997,47.29999999999999,93.1,-4.09,0.011,5,228,1023,671," ",325.56847222222217,47.5289411111111
1029,1035,325.69999999999993,47.49999999999999,93.54,-4.2,0.109,5,225,1036,681," ",326.1698947222222,47.73058805555555
1039,1045,326.62499999999994,47.41666666666666,93.97,-4.66,0.018,4,225,1043,698," ",327.0994844444444,47.6497475
1034,1040,326.17499999999995,47.49999999999999,93.79,-4.4,0.016,4,225,1039,687," ",326.6469958333333,47.73187555555555
1041,1047,326.54999999999995,47.633333333333326,94.07,-4.46,0.005,5,226,1045,697," ",327.02287833333327,47.866212499999996
1046,1052,326.49999999999994,47.89999999999999,94.21,-4.24,0.018,5,227,1051,694," ",326.97107138888884,48.1327436111111
1040,1046,325.37499999999994,48.49999999999999,94.03,-3.3,0.088,3,0,1044,679," ",325.8372941666666,48.72968888888888
1001,1006,322.37499999999994,47.58333333333333,91.91,-2.65,0.039,3,233,1004,618," ",322.8299883333333,47.804469444444436
1004,1009,322.99999999999994,47.66666666666666,92.28,-2.87,0.061,4,232,1008,629," ",323.4571122222222,47.88963666666666
1007,1012,323.07499999999993,47.883333333333326,92.47,-2.74,0.021,4,231,1011,633," ",323.53103222222217,48.10651944444444
996,1001,321.37499999999994,47.46666666666666,91.34,-2.27,0.001,5,236,1000,616," ",321.8265549999999,47.68481416666666
1037,1043,324.49999999999994,48.99999999999999,93.92,-2.54,1.148,2,0,1041,655," ",324.95508583333327,49.22725083333333
1051,1057,325.49999999999994,49.33333333333333,94.63,-2.71,0.053,4,0,1055,680," ",325.9575483333333,49.563357499999995
1053,1059,324.74999999999994,50.49999999999999,95.02,-1.51,0.059,3,0,1057,662," ",325.1961422222222,50.727936111111106
1060,1066,326.49999999999994,50.49999999999999,95.87,-2.23,0.208,3,0,1065,695," ",326.9547152777777,50.732719444444434
1064,1070,326.24999999999994,50.83333333333333,95.96,-1.87,0.05,5,0,1068,688,"164",326.7012369444444,51.06537944444444
1067,1073,326.62499999999994,51.16666666666666,96.36,-1.77,0.162,2,0,1071,699," ",327.07586166666664,51.39971305555555
1085,1091,329.74999999999994,52.66666666666666,98.8,-1.78,0.124,2,361,1089,716," ",330.207345,52.90766944444444
1247,1253,358.49999999999994,58.24999999999999,115.8,-3.58,0.009,6,382,1252,809," ",359.13135722222216,58.52827055555555
1790,,358.49999999999994,58.24999999999999,115.8,-3.58,0.0,6,246,1253,808," ",359.13135722222216,58.52827055555555
1248,1254,358.49999999999994,58.49999999999999,115.85,-3.34,0.152,3,382,1254,810," ",359.1312649999999,58.77827027777777
1243,1249,355.49999999999994,58.66666666666666,114.37,-2.81,0.047,1,0,1248,803," ",356.10706999999996,58.9442511111111
1252,1258,359.12499999999994,59.33333333333333,116.34,-2.59,0.01,2,0,1258,816," ",359.7611169444444,59.61164916666666
1251,1257,358.74999999999994,59.383333333333326,116.17,-2.5,0.029,5,0,1257,812," ",359.38300027777774,59.661625277777766
1250,1256,358.24999999999994,59.74999999999999,116.0,-2.09,0.161,3,0,1256,807," ",358.87868166666664,60.02824138888888
1150,1156,334.49999999999994,55.49999999999999,102.71,-1.05,0.043,2,369,1157,739," ",334.9670505555555,55.75171277777777
1157,1163,334.74999999999994,55.91666666666666,103.05,-0.78,0.007,2,369,1162,741," ",335.21593833333327,56.16889388888888
1144,1150,333.49999999999994,55.74999999999999,102.37,-0.53,0.007,3,368,1149,735,"369",333.95894027777774,55.99959249999999
1148,1154,333.74999999999994,55.96666666666666,102.61,-0.43,0.007,3,367,1154,737," ",334.2090722222222,56.21679416666666
1155,1161,334.49999999999994,55.883333333333326,102.92,-0.73,0.006,3,369,1160,740," ",334.9645244444444,56.13504333333333
1181,1187,338.99999999999994,56.99999999999999,105.62,-1.06,0.145,3,411,1186,766," ",339.4880736111111,57.26027333333332
1183,1189,339.24999999999994,56.99999999999999,105.74,-1.12,0.473,2,411,1188,768," ",339.73983722222215,57.260702499999994
1186,1192,337.99999999999994,58.33333333333333,105.81,0.37,0.007,5,0,1191,762," ",338.4725619444444,58.591830833333326
1194,1200,340.99999999999994,58.49999999999999,107.27,-0.24,0.02,5,0,1199,770," ",341.4939441666666,58.76355972222221
1191,1197,338.99999999999994,58.66666666666666,106.43,0.4,0.009,6,0,1196,767," ",339.4778338888888,58.92692972222221
1249,1255,357.74999999999994,60.24999999999999,115.86,-1.55,0.001,5,0,1255,806," ",358.3741461111111,60.52816916666666
1232,1238,352.49999999999994,59.49999999999999,113.12,-1.58,14.0,2,0,1240,800," ",353.0810844444444,59.77613027777777
1239,1245,352.49999999999994,60.49999999999999,113.42,-0.63,0.07,3,0,1244,801," ",353.0786152777777,60.776128611111105
1225,1231,348.99999999999994,60.99999999999999,111.97,0.4,0.013,5,0,1230,792," ",349.5467313888888,61.273467222222216
1219,1225,347.49999999999994,61.33333333333332,111.41,0.97,0.036,4,0,1224,785," ",348.0322305555555,61.6053436111111
1226,1232,348.74999999999994,61.49999999999999,112.03,0.91,0.004,4,0,1231,790," ",349.2925336111111,61.7732361111111
1223,1229,347.99999999999994,61.71666666666666,111.78,1.24,0.004,5,0,1228,787," ",348.53493111111106,61.98918194444443
1224,1230,347.99999999999994,61.74999999999999,111.79,1.27,0.002,5,0,1229,788," ",348.53478249999995,62.02251527777777
1216,1222,345.74999999999994,61.49999999999999,110.7,1.45,0.002,4,0,1221,781," ",346.2660755555555,61.77007305555555
1214,1220,345.49999999999994,61.58333333333332,110.63,1.57,0.006,4,0,1219,779," ",346.01344111111104,61.853108611111104
1220,1226,346.99999999999994,61.99999999999999,111.44,1.68,0.009,4,0,1225,782," ",347.5246394444444,62.27148055555555
1221,1227,346.99999999999994,62.04999999999999,111.46,1.73,0.008,5,0,1226,783," ",347.52439277777773,62.321480555555546
1227,1233,348.57499999999993,62.066666666666656,112.15,1.47,0.001,6,0,1232,789," ",349.1135680555555,62.33973749999999
1228,1234,348.74999999999994,62.133333333333326,112.25,1.51,0.004,6,0,1234,791," ",349.28987194444437,62.40656777777777
1242,1248,352.49999999999994,61.99999999999999,113.87,0.8,4.26,2,0,1247,802," ",353.0746083333333,62.276126111111104
1246,1252,355.74999999999994,62.99999999999999,115.59,1.35,0.181,3,0,1251,804," ",356.3528711111111,63.27766583333332
1231,1237,350.09999999999997,62.33333333333332,112.91,1.48,0.004,4,0,1236,794," ",350.65144,62.607744999999994
1238,1244,350.74999999999994,62.49999999999999,113.25,1.53,0.007,4,0,1243,796," ",351.3068477777777,62.7749236111111
1240,1246,350.74999999999994,63.33333333333332,113.52,2.32,0.002,6,0,1245,797," ",351.3037591666666,63.60825499999999
1257,1263,358.74999999999994,64.56666666666666,117.24,2.57,0.002,5,270,1263,813," ",359.38110722222217,64.84495388888888
1254,1260,358.62499999999994,64.66666666666666,117.21,2.68,0.004,4,269,1262,811," ",359.2547666666666,64.94494333333333
736,740,291.49999999999994,19.999999999999996,54.92,1.33,3.8,2,0,740,277," ",292.0463994444444,20.10327222222222
752,756,291.37499999999994,21.333333333333332,56.03,2.08,0.007,4,0,756,274," ",291.9144338888888,21.436025277777773
756,760,291.99999999999994,21.749999999999996,56.68,1.77,0.01,3,0,760,288," ",292.5377033333333,21.855504166666663
757,761,293.49999999999994,20.999999999999996,56.7,0.18,0.116,5,0,761,302," ",294.04267611111106,21.112222499999998
772,776,293.24999999999994,21.999999999999996,57.46,0.88,0.529,2,0,776,300," ",293.7873394444444,22.111097777777776
766,770,292.49999999999994,21.999999999999996,57.12,1.49,0.344,2,0,770,295," ",293.03676777777775,22.10774583333333
744,748,290.74999999999994,20.999999999999996,55.46,2.43,0.57,2,0,748,266," ",291.2907486111111,21.099866388888888
742,746,289.99999999999994,21.199999999999996,55.3,3.14,0.035,4,0,746,255," ",290.53921499999996,21.296453055555553
751,755,291.24999999999994,21.333333333333332,55.97,2.18,0.167,3,0,755,271," ",291.7893477777777,21.435460277777775
747,751,289.72499999999997,21.65,55.58,3.58,0.003,4,0,751,243," ",290.2616661111111,21.745192777777774
763,767,290.74999999999994,22.666666666666664,56.93,3.22,0.201,3,0,767,267," ",291.2819666666666,22.766512777777773
768,772,290.74999999999994,22.999999999999996,57.22,3.38,0.068,4,0,772,268," ",291.28018499999996,23.099841944444442
765,769,290.49999999999994,22.999999999999996,57.11,3.59,0.016,6,0,768,265," ",291.03000361111106,23.098706666666665
764,768,291.49999999999994,22.499999999999996,57.11,2.54,0.111,4,0,769,278," ",292.03339722222216,22.60324194444444
774,778,291.24999999999994,23.58333333333333,57.95,3.26,0.043,6,0,778,272," ",291.77742499999994,23.685432499999997
775,779,291.99999999999994,23.249999999999996,57.99,2.49,0.14,3,0,779,289," ",292.5297925,23.35548583333333
777,781,291.49999999999994,23.666666666666664,58.14,3.1,0.047,3,0,781,279," ",292.0271694444444,23.76989444444444
778,782,291.49999999999994,23.83333333333333,58.28,3.18,0.01,5,0,782,280," ",292.0262708333333,23.936558888888886
780,784,291.74999999999994,23.999999999999996,58.54,3.06,0.391,2,0,784,286," ",292.27556888888887,24.10435083333333
787,791,296.87499999999994,23.83333333333333,60.72,-1.09,0.095,4,0,791,364," ",297.4059947222222,23.96033222222222
781,785,292.99999999999994,23.999999999999996,59.09,2.06,0.007,3,161,785,298," ",293.52659722222216,24.10995833333333
784,788,292.87499999999994,24.666666666666664,59.62,2.48,0.007,3,0,788,297," ",293.3978997222222,24.77605833333333
782,786,292.37499999999994,24.33333333333333,59.11,2.72,0.038,3,0,786,293," ",292.8992783333333,24.440490277777773
786,790,293.24999999999994,25.58333333333333,60.59,2.63,0.005,4,143,790,301," ",293.7682386111111,25.69438722222222
789,793,294.37499999999994,25.33333333333333,60.87,1.63,0.066,3,0,793,317," ",294.89565138888884,25.449382777777775
792,796,295.49999999999994,26.249999999999996,62.17,1.21,0.014,4,0,796,340," ",296.0167877777777,26.370986111111108
788,792,293.74999999999994,25.58333333333333,60.81,2.24,0.145,4,0,792,308," ",294.26870249999996,25.696611388888886
795,799,295.12499999999994,26.83333333333333,62.5,1.79,0.026,4,0,799,330," ",295.63819888888884,26.952667777777773
771,775,290.37499999999994,23.33333333333333,57.35,3.85,0.025,4,0,775,260," ",290.90311888888886,23.431467499999997
770,774,290.19999999999993,23.33333333333333,57.27,3.99,0.002,5,0,774,257," ",290.7279919444444,23.430671111111106
769,773,290.09999999999997,23.33333333333333,57.23,4.07,0.004,4,0,773,256," ",290.62791999999996,23.43021583333333
758,762,289.44999999999993,23.08333333333333,56.73,4.48,0.01,4,0,762,233," ",289.97881499999994,23.177251111111108
767,771,289.65,23.43333333333333,57.12,4.48,0.005,6,0,771,241," ",290.1770572222222,23.528161111111107
759,763,289.12499999999994,23.33333333333333,56.81,4.86,0.008,6,0,763,223," ",289.65223555555554,23.42575944444444
760,764,289.24999999999994,23.33333333333333,56.86,4.76,0.079,3,0,764,229," ",289.77732166666664,23.426332222222218
779,783,291.24999999999994,23.999999999999996,58.32,3.46,0.05,3,0,783,273," ",291.7751730555555,24.102094166666664
755,759,286.99999999999994,23.999999999999996,56.5,6.89,0.358,1,163,759,199," ",287.52216861111106,24.082614166666662
776,780,287.99999999999994,25.33333333333333,58.12,6.69,0.127,2,162,780,214," ",288.5153594444444,25.42055833333333
773,777,287.49999999999994,24.999999999999996,57.61,6.94,0.226,1,162,777,208," ",288.0168944444444,25.084918611111107
790,794,293.74999999999994,26.499999999999996,61.61,2.69,0.278,1,160,795,309," ",294.26365527777773,26.613266666666664
791,795,293.74999999999994,26.499999999999996,61.61,2.69,0.278,1,142,794,310," ",294.26365527777773,26.613266666666664
794,798,296.24999999999994,25.999999999999996,62.29,0.5,2.5,3,0,798,353," ",296.7689230555555,26.12426194444444
796,800,295.49999999999994,26.666666666666664,62.53,1.42,0.036,4,0,800,341," ",296.0145094444444,26.787647499999995
802,806,295.57499999999993,26.999999999999996,62.85,1.52,0.006,4,0,806,343," ",296.0877547222222,27.121304999999996
804,808,295.74999999999994,27.166666666666664,63.07,1.47,0.014,4,0,808,345," ",296.2620230555555,27.28873472222222
800,804,295.19999999999993,27.13333333333333,62.8,1.88,0.018,4,0,804,331," ",295.71161749999993,27.25299333333333
803,807,295.4,27.249999999999996,62.99,1.79,0.025,4,0,807,334," ",295.91118388888884,27.370535555555552
799,803,295.07499999999993,27.166666666666664,62.77,1.99,0.019,4,0,803,329," ",295.58629999999994,27.285777499999995
806,810,295.74999999999994,27.83333333333333,63.65,1.81,0.047,4,0,810,346," ",296.2583169444444,27.95539305555555
819,823,301.74999999999994,29.999999999999996,68.25,-1.52,1.44,2,0,823,408," ",302.2540536111111,30.147531666666662
808,812,295.74999999999994,28.416666666666664,64.15,2.1,0.145,3,0,812,347," ",296.2550366666666,28.538718888888884
807,811,294.49999999999994,28.749999999999996,63.89,3.22,0.253,1,178,811,320," ",295.0017297222222,28.86655805555555
809,813,295.24999999999994,28.999999999999996,64.44,2.78,0.224,3,0,813,333," ",295.75113916666663,29.119855555555553
811,815,296.24999999999994,28.999999999999996,64.88,2.02,2.32,3,0,815,354," ",296.7523108333333,29.12422444444444
815,819,296.49999999999994,30.249999999999996,66.07,2.47,0.118,2,0,819,359," ",296.9954197222222,30.37529472222222
812,816,293.49999999999994,30.41666666666666,64.92,4.8,0.025,1,177,816,303," ",293.9908272222222,30.52877055555555
813,817,294.74999999999994,29.999999999999996,65.09,3.65,5.0,2,0,817,326," ",295.24474666666663,30.11764416666666
816,820,295.74999999999994,30.83333333333333,66.24,3.32,0.378,3,0,820,348," ",296.2410422222222,30.955353888888883
818,822,296.24999999999994,31.999999999999996,67.47,3.54,2.41,1,0,822,355," ",296.7346994444444,32.124185
822,826,296.74999999999994,33.416666666666664,68.91,3.89,0.055,3,0,826,362," ",297.2266966666666,33.54300305555555
821,825,297.49999999999994,32.99999999999999,68.87,3.14,2.05,3,0,825,366," ",297.9803597222222,33.12958027777778
825,829,297.82499999999993,33.31666666666666,69.28,3.07,0.011,4,0,829,369," ",298.3038955555555,33.44763888888888
827,831,297.99999999999994,33.58333333333333,69.59,3.08,0.012,4,0,831,373," ",298.4775144444444,33.71505222222222
824,828,297.24999999999994,33.416666666666664,69.12,3.53,0.019,3,0,828,365," ",297.7274255555555,33.54516416666666
826,830,297.49999999999994,33.65,69.43,3.47,0.015,3,0,830,367," ",297.9763475,33.77957138888888
828,832,298.24999999999994,33.633333333333326,69.74,2.93,0.022,4,0,832,376," ",298.7275869444444,33.76612083333333
829,833,298.24999999999994,33.666666666666664,69.77,2.95,1.5,2,0,833,377," ",298.7273811111111,33.799453888888884
830,834,297.99999999999994,34.26666666666666,70.17,3.44,0.015,4,0,834,374," ",298.4732566666666,34.398376111111105
831,835,297.87499999999994,34.55,70.36,3.67,0.014,3,0,835,370," ",298.3462747222222,34.681169722222215
832,836,297.87499999999994,34.58333333333333,70.39,3.69,0.012,4,0,836,371," ",298.34606361111105,34.714502499999995
836,840,298.09999999999997,34.99999999999999,70.84,3.75,0.11,3,0,840,375," ",298.56876972222216,35.132127222222216
817,821,293.79999999999995,32.33333333333333,66.73,5.51,0.007,3,408,821,311," ",294.2794813888888,32.44674388888888
839,843,304.67499999999995,31.766666666666662,71.12,-2.62,0.007,4,0,843,436," ",305.1739819444444,31.926040277777773
838,842,304.49999999999994,31.83333333333333,71.09,-2.46,0.016,4,0,842,431," ",304.99831249999994,31.992007777777772
837,841,302.24999999999994,32.99999999999999,70.99,-0.23,30.0,3,0,841,414," ",302.7378419444444,33.14955083333333
846,850,302.49999999999994,33.99999999999999,71.94,0.15,0.8,1,0,850,416," ",302.9823736111111,34.15056222222222
841,845,300.775,34.21666666666666,71.34,1.46,0.2,2,0,845,396," ",301.2530802777777,34.36010388888889
835,839,299.49999999999994,33.99999999999999,70.59,2.24,1.4,1,0,839,381," ",299.9772963888889,34.13809194444444
844,848,300.84999999999997,34.71666666666666,71.8,1.68,0.011,4,0,848,397," ",301.3251394444444,34.860409722222215
845,849,300.67499999999995,34.96666666666666,71.93,1.94,0.011,4,0,849,395," ",301.14828638888883,35.10967694444444
843,847,299.99999999999994,34.99999999999999,71.66,2.42,3.0,3,0,847,386,"341",300.4719158333333,35.140184166666664
854,858,302.29999999999995,34.8,72.52,0.73,0.2,4,0,858,415," ",302.7771958333333,34.949732777777776
852,856,301.57499999999993,35.03333333333333,72.39,1.35,0.015,3,0,856,407," ",302.0494602777777,35.18007944444444
848,852,300.99999999999994,34.99999999999999,72.1,1.73,0.03,3,0,852,399," ",301.47364722222216,35.14436333333333
849,853,301.24999999999994,35.08333333333333,72.28,1.6,0.002,5,0,853,402,"147",301.7235716666666,35.22873333333333
853,857,299.99999999999994,35.99999999999999,72.51,2.95,0.8,1,0,857,387,"144",300.46556611111106,36.14017027777777
851,855,299.17499999999995,36.24999999999999,72.37,3.65,0.008,3,0,855,379," ",299.6374986111111,36.38668638888888
850,854,298.99999999999994,36.24999999999999,72.29,3.77,0.108,2,0,854,378," ",299.46219499999995,36.38594472222222
856,860,300.74999999999994,35.916666666666664,72.76,2.4,0.001,6,0,859,27,"146",301.2174397222222,36.059976666666664
858,862,301.24999999999994,36.83333333333333,73.75,2.55,0.8,1,0,862,403," ",301.7124736111111,36.97870944444444
859,863,301.47499999999997,36.96666666666666,73.96,2.47,0.005,4,0,863,405," ",301.93703666666664,37.11297305555555
857,861,299.65,36.633333333333326,72.9,3.53,0.005,3,0,861,384," ",300.11082999999996,36.77202166666666
861,865,300.59999999999997,37.633333333333326,74.15,3.42,0.075,4,0,865,394,"145",301.0559747222222,37.775993333333325
875,879,304.74999999999994,39.166666666666664,77.23,1.56,0.004,5,0,879,437," ",305.2044205555555,39.32624555555555
879,883,304.49999999999994,39.49999999999999,77.39,1.91,0.003,5,0,883,432," ",304.95162416666665,39.65857638888888
878,882,304.37499999999994,39.49999999999999,77.34,1.99,0.002,5,0,882,430," ",304.8263402777777,39.65807638888889
862,866,301.32499999999993,37.633333333333326,74.46,2.94,0.172,3,0,866,404," ",301.7823758333333,37.77900916666666
872,876,301.87499999999994,39.74999999999999,76.47,3.73,0.029,3,217,876,411," ",302.31911138888887,39.89791749999999
873,877,303.12499999999994,39.74999999999999,77.0,2.93,0.007,6,0,877,420," ",303.57183361111106,39.903031666666664
877,881,303.99999999999994,39.666666666666664,77.31,2.32,0.005,6,0,881,427," ",304.44936249999995,39.82323611111111
882,886,304.24999999999994,39.83333333333333,77.56,2.26,1.05,2,0,886,428," ",304.69879638888887,39.99090444444444
884,888,304.24999999999994,40.49999999999999,78.11,2.64,4.46,3,0,888,429,"344",304.6942083333333,40.65756138888889
876,880,302.99999999999994,40.166666666666664,77.3,3.24,0.015,5,0,880,418,"343",303.4436655555555,40.31918388888889
892,896,309.99999999999994,39.49999999999999,79.91,-1.5,0.028,5,0,896,480," ",310.4650066666666,39.67979722222222
894,898,309.99999999999994,39.666666666666664,80.04,-1.4,0.07,4,0,898,481," ",310.4639619444444,39.84646166666666
910,914,312.49999999999994,41.49999999999999,82.66,-1.72,5.21,3,0,914,496," ",312.95924111111106,41.68888277777777
903,907,310.84999999999997,40.83333333333333,81.36,-1.18,0.047,3,0,907,489," ",311.3088286111111,41.01625055555555
911,915,310.9,42.91666666666666,83.01,0.09,0.007,6,0,915,490," ",311.3451525,43.09974055555555
926,931,311.49999999999994,43.66666666666666,83.87,0.23,0.013,5,0,930,494," ",311.94178972222215,43.85191944444444
885,889,305.74999999999994,39.99999999999999,78.35,1.41,0.8,4,0,889,444,"347",306.2011780555555,40.16352805555555
893,897,305.74999999999994,41.99999999999999,79.98,2.57,0.111,4,0,897,445," ",306.1873172222222,42.16349944444444
888,892,303.49999999999994,41.666666666666664,78.75,3.76,0.054,4,0,892,422," ",303.9341402777777,41.821189999999994
890,894,303.49999999999994,41.74999999999999,78.82,3.81,0.004,4,0,894,423," ",303.93353388888886,41.90452222222222
896,900,305.74999999999994,42.58333333333333,80.46,2.91,0.016,4,0,900,446," ",306.1831094444444,42.74682416666666
895,899,305.49999999999994,42.49999999999999,80.29,3.01,0.018,4,0,899,442," ",305.9330647222222,42.662506388888886
898,902,304.99999999999994,43.16666666666666,80.62,3.69,0.001,5,0,902,439," ",305.4268358333333,43.32718222222221
897,901,304.94999999999993,43.16666666666666,80.6,3.72,0.006,4,0,901,438," ",305.3767047222222,43.326983333333324
902,906,308.74999999999994,41.99999999999999,81.31,0.78,15.78,3,0,906,465,"348 346 349",309.1952922222222,42.175079999999994
907,911,309.74999999999994,42.74999999999999,82.35,0.65,0.013,4,0,911,473," ",310.19293388888883,42.928824999999996
914,918,309.79999999999995,43.91666666666666,83.29,1.34,0.004,6,0,918,475," ",310.23483722222215,44.09566194444444
913,917,309.62499999999994,43.96666666666666,83.26,1.47,0.001,6,0,917,471," ",310.0589505555555,44.14500833333333
923,928,309.82499999999993,44.41666666666666,83.7,1.63,0.003,6,0,927,476," ",310.2562822222222,44.595748055555546
918,922,309.24999999999994,44.41666666666666,83.45,1.96,0.005,6,0,922,468," ",309.6795319444444,44.593597222222215
919,923,308.24999999999994,44.99999999999999,83.48,2.88,0.054,3,206,923,458," ",308.67212638888884,45.17313916666666
917,921,307.87499999999994,45.099999999999994,83.4,3.15,0.002,5,207,920,453," ",308.2952291666666,45.27170527777777
915,919,307.74999999999994,45.11666666666666,83.36,3.23,0.001,5,208,919,451," ",308.16972527777773,45.28789277777777
916,920,307.74999999999994,45.16666666666666,83.4,3.26,0.001,5,0,921,452," ",308.1693386111111,45.337891944444436
920,925,307.99999999999994,45.16666666666666,83.51,3.12,0.002,5,0,924,454," ",308.4200916666666,45.33884916666666
924,929,308.49999999999994,45.16666666666666,83.72,2.84,0.002,5,0,928,461," ",308.9216105555555,45.340753888888884
925,930,308.79999999999995,45.16666666666666,83.85,2.67,0.002,5,205,929,466," ",309.2225302777777,45.34189055555555
921,926,308.42499999999995,45.14999999999999,83.67,2.87,0.002,5,206,925,460," ",308.8465094444444,45.32380277777777
863,867,299.525,38.58333333333333,74.51,4.64,0.011,3,0,867,383," ",299.9724616666666,38.72146555555555
865,869,299.49999999999994,39.33333333333333,75.14,5.05,0.034,1,215,869,382," ",299.9421655555555,39.471348611111104
867,871,300.99999999999994,39.666666666666664,76.04,4.25,0.068,2,216,871,400," ",301.4428488888889,39.810963611111106
871,875,301.49999999999994,39.83333333333333,76.38,4.01,0.004,3,216,875,406," ",301.9427280555555,39.979701388888884
868,872,299.99999999999994,40.33333333333333,76.19,5.25,0.083,1,214,872,388," ",300.4360147222222,40.47343944444444
874,878,301.74999999999994,40.51666666666666,77.06,4.23,0.003,4,0,878,409," ",302.18842138888886,40.66405722222222
881,885,301.87499999999994,40.99999999999999,77.52,4.41,0.002,4,0,885,412,"342",302.3102172222222,41.1478986111111
887,891,302.99999999999994,41.83333333333333,78.69,4.16,0.011,4,0,891,419," ",303.4317297222222,41.98582555555555
889,893,302.74999999999994,42.08333333333333,78.79,4.45,0.034,3,0,893,417," ",303.1792886111111,42.23480305555555
880,884,300.99999999999994,41.33333333333333,77.45,5.14,1.23,2,0,884,401," ",301.43083249999995,41.47760444444444
883,887,300.49999999999994,42.33333333333333,78.1,5.99,0.019,4,0,887,392," ",300.9221883333333,42.47550305555555
886,890,300.49999999999994,42.74999999999999,78.45,6.21,0.054,3,213,890,393," ",300.91897138888885,42.89216277777777
891,895,303.49999999999994,42.49999999999999,79.45,4.22,5.64,2,0,895,424," ",303.9280041666666,42.65451055555555
904,908,304.49999999999994,44.99999999999999,81.93,5.03,0.366,3,210,909,433," ",304.91128222222216,45.158492777777774
905,909,304.49999999999994,44.99999999999999,81.93,5.03,3.84,3,0,908,434," ",304.91128222222216,45.158492777777774
906,910,304.49999999999994,45.16666666666666,82.07,5.13,0.011,4,0,910,435," ",304.9099416666666,45.32515666666666
899,903,301.74999999999994,44.91666666666666,80.78,6.61,0.005,5,212,903,410," ",302.1546480555555,45.06398555555555
901,905,301.99999999999994,45.16666666666666,81.09,6.59,0.018,4,211,905,413," ",302.4032230555555,45.315011388888884
909,913,305.65,45.16666666666666,82.53,4.46,0.011,4,209,913,443," ",306.06318222222217,45.329723611111106
934,939,307.37499999999994,47.99999999999999,85.54,5.15,20.0,1,0,938,450," ",307.7699961111111,48.16973666666666
930,935,313.74999999999994,43.66666666666666,84.91,-1.02,2.25,4,0,934,505,"152",314.1988905555555,43.859944999999996
928,933,312.74999999999994,43.99999999999999,84.7,-0.26,0.132,1,0,932,500," ",313.19340916666664,44.189743333333325
931,936,312.49999999999994,44.99999999999999,85.35,0.52,0.914,2,0,935,497," ",312.9355605555555,45.18883805555555
935,940,312.99999999999994,45.39999999999999,85.88,0.51,0.151,2,224,939,501," ",313.43435138888884,45.59061305555555
936,941,313.74999999999994,45.633333333333326,86.4,0.26,0.105,5,0,940,506,"153",314.1852319444444,45.826586388888884
945,950,314.69999999999993,46.41666666666666,87.42,0.28,0.112,5,0,948,524,"356",315.13292138888886,46.613209722222216
940,945,313.99999999999994,46.33333333333333,87.04,0.59,0.16,2,0,944,509," ",314.43102277777774,46.527450833333326
949,954,314.99999999999994,46.99999999999999,88.0,0.52,0.45,3,0,953,531," ",315.42973833333326,47.19756666666666
952,957,314.74999999999994,47.58333333333333,88.32,1.03,0.256,1,0,956,525," ",315.17443166666664,47.78003305555555
951,956,317.44999999999993,45.76666666666666,88.23,-1.56,0.003,5,223,955,572," ",317.89753361111104,45.97246388888888
958,963,317.99999999999994,46.33333333333333,88.91,-1.45,0.104,3,223,962,577," ",318.4457475,46.54091666666666
954,959,317.49999999999994,46.33333333333333,88.67,-1.2,0.079,1,223,958,573," ",317.94385249999993,46.53928749999999
965,970,317.74999999999994,47.16666666666666,89.39,-0.75,0.123,4,220,969,576,"361",318.18899138888884,47.37342749999999
959,964,316.94999999999993,47.16666666666666,89.02,-0.35,0.006,5,220,963,567," ",317.38588999999996,47.37080027777777
970,975,317.49999999999994,47.66666666666666,89.64,-0.28,0.075,5,0,974,574," ",317.9344280555555,47.87260444444444
984,989,319.99999999999994,47.33333333333333,90.58,-1.72,1.4,3,239,988,602," ",320.4467955555555,47.547262499999995
955,960,316.69999999999993,46.96666666666666,88.75,-0.36,0.003,5,222,959,563," ",317.13636749999995,47.16997388888888
956,961,316.775,47.033333333333324,88.84,-0.36,0.006,5,221,960,566," ",317.2111758333333,47.236888888888885
962,967,317.12499999999994,47.36666666666666,89.24,-0.3,0.156,3,220,966,571," ",317.5601269444444,47.57137583333333
957,962,314.99999999999994,48.16666666666666,88.87,1.29,0.666,2,0,961,532," ",315.4209119444444,48.364217222222216
1000,1005,317.99999999999994,50.49999999999999,91.91,1.44,7.0,3,0,1005,578," ",318.4148769444444,50.70753027777777
950,955,313.99999999999994,47.66666666666666,88.05,1.47,0.081,3,0,954,510," ",314.42098527777773,47.860765555555545
953,958,314.32499999999993,47.91666666666666,88.38,1.47,0.012,5,0,957,517," ",314.7452705555555,48.11189277777777
961,966,314.62499999999994,48.83333333333333,89.2,1.92,0.172,4,0,965,523," ",315.0392083333333,49.02958444444444
966,971,314.79999999999995,49.11666666666666,89.49,2.02,0.01,5,0,970,528," ",315.2126241666666,49.31351694444444
973,978,314.87499999999994,49.49999999999999,89.81,2.24,0.2,5,0,977,530," ",315.28481083333327,49.69710249999999
977,982,315.19999999999993,49.71666666666666,90.11,2.23,0.019,5,0,981,539," ",315.6093555555555,49.91487972222222
976,981,314.49999999999994,49.99999999999999,90.03,2.75,0.033,6,0,980,520," ",314.90414222222216,50.19580194444444
979,984,314.99999999999994,49.99999999999999,90.24,2.51,0.056,4,0,983,533," ",315.40619138888883,50.19752416666666
980,985,314.37499999999994,50.383333333333326,90.26,3.06,0.033,4,0,984,519," ",314.7753766666666,50.57869638888888
982,987,314.79999999999995,50.48333333333333,90.52,2.93,0.009,5,0,986,529," ",315.20128527777774,50.680163055555546
983,988,315.74999999999994,49.99999999999999,90.56,2.15,0.21,1,0,987,547," ",316.1592988888888,50.20007944444444
994,999,316.49999999999994,50.49999999999999,91.25,2.14,7.2,1,0,997,560," ",316.9083472222222,50.702593055555546
995,1000,316.24999999999994,50.66666666666666,91.27,2.37,0.255,1,0,999,555," ",316.6558822222222,50.868420833333325
986,991,315.17499999999995,50.68333333333332,90.82,2.88,0.016,5,0,990,538," ",315.5761519444444,50.88144666666666
993,998,315.62499999999994,50.99999999999999,91.25,2.88,0.172,4,0,996,546," ",316.02535777777774,51.199641111111106
1006,1011,316.24999999999994,52.16666666666666,92.38,3.38,0.078,4,0,1010,556," ",316.64288472222216,52.368398055555545
985,990,314.32499999999993,51.08333333333333,90.77,3.55,0.051,5,0,989,518," ",314.71908055555554,51.27851194444444
987,992,313.24999999999994,51.83333333333333,90.9,4.55,0.08,3,0,991,502," ",313.63272388888885,52.02473416666666
999,1004,314.99999999999994,52.16666666666666,91.86,3.95,0.174,4,0,1003,534," ",315.3872641666666,52.36415694444444
991,996,313.99999999999994,51.74999999999999,91.14,4.14,0.08,5,0,993,511," ",314.38670249999996,51.94403666666666
998,1003,314.49999999999994,52.16666666666666,91.66,4.18,0.079,5,0,1002,521," ",314.88505027777774,52.36243416666666
1013,1018,315.74999999999994,53.08333333333333,92.85,4.22,0.016,5,0,1017,548," ",316.13216027777776,53.28336499999999
997,1002,313.74999999999994,52.49999999999999,91.61,4.74,1.97,2,0,1001,507," ",314.1286233333333,52.69314944444444
1008,1013,314.74999999999994,53.16666666666666,92.51,4.72,0.048,5,0,1012,526," ",315.1267411111111,53.36328055555555
1010,1015,314.74999999999994,53.33333333333333,92.64,4.83,0.049,5,0,1014,527," ",315.1251291666666,53.52994444444444
1020,1026,314.99999999999994,53.83333333333333,93.11,5.05,0.048,5,0,1024,535," ",315.37139499999995,54.03079555555555
1002,1007,320.87499999999994,48.66666666666666,91.93,-1.17,0.153,3,240,1006,608,"363",321.3162297222222,48.88328055555555
1003,1008,321.24999999999994,48.83333333333333,92.22,-1.22,0.013,5,240,1007,614," ",321.69168388888886,49.051087222222215
1009,1014,320.57499999999993,49.783333333333324,92.57,-0.23,0.004,6,0,1013,606," ",321.0068458333333,49.99901388888888
1012,1017,320.9,49.949999999999996,92.83,-0.26,0.027,5,0,1016,609,"362",321.3320694444444,50.16667527777777
1042,1048,323.37499999999994,50.11666666666666,94.11,-1.22,0.069,3,0,1046,637," ",323.81726416666663,50.34069888888888
1048,1054,323.24999999999994,50.49999999999999,94.31,-0.88,6.0,2,0,1052,634," ",323.6889408333333,50.72366611111111
1014,1019,319.82499999999993,50.73333333333333,92.89,0.78,0.003,5,0,1018,598," ",320.2462127777777,50.94667499999999
1016,1021,319.97499999999997,50.81666666666666,93.01,0.77,0.001,6,0,1020,601," ",320.39624638888887,51.03047555555555
1011,1016,319.525,50.79999999999999,92.8,0.96,0.003,5,0,1015,593," ",319.9443183333333,51.01239972222221
1101,1107,328.74999999999994,54.24999999999999,99.29,-0.16,11.0,1,0,1105,711," ",329.1905469444444,54.4885136111111
1071,1077,323.99999999999994,53.49999999999999,96.65,1.05,0.002,5,362,1075,647," ",324.4198416666666,53.725786111111105
1072,1078,323.74999999999994,53.83333333333333,96.76,1.4,0.018,5,370,1076,640," ",324.1657705555555,54.0584011111111
1078,1084,324.99999999999994,54.66666666666666,97.86,1.54,0.099,4,370,1082,666," ",325.41574861111104,54.89525222222221
1068,1074,323.24999999999994,53.66666666666666,96.43,1.47,0.027,5,370,1072,635,"364",323.66446999999994,53.890294999999995
1075,1081,323.74999999999994,54.16666666666666,96.98,1.64,0.584,2,370,1079,641," ",324.1629905555555,54.391729999999995
1069,1075,322.49999999999994,54.16666666666666,96.44,2.14,0.145,4,370,1073,619,"157",322.9062158333333,54.388094444444434
1073,1079,322.74999999999994,54.49999999999999,96.77,2.28,0.011,5,370,1077,626," ",323.15466888888886,54.722158888888885
1091,1097,326.24999999999994,55.49999999999999,98.94,1.72,0.003,4,254,1095,689," ",326.6659844444444,55.73199499999999
1103,1109,327.49999999999994,55.58333333333333,99.55,1.33,0.15,2,0,1107,703," ",327.92276027777774,55.818636666666656
1089,1095,325.24999999999994,56.08333333333333,98.89,2.52,0.012,4,0,1093,675,"162",325.6549683333333,56.312593888888884
1108,1114,326.99999999999994,56.16666666666666,99.69,1.96,0.016,4,0,1112,701," ",327.4148344444444,56.40065277777777
1109,1115,326.24999999999994,56.74999999999999,99.74,2.68,0.002,5,0,1114,690," ",326.65508333333327,56.98197972222221
1114,1120,326.49999999999994,56.91666666666666,99.96,2.72,0.001,5,0,1119,696," ",326.90513916666663,57.149314999999994
1017,1022,316.99999999999994,52.66666666666666,93.06,3.38,0.382,4,0,1021,569," ",317.3918475,52.870888888888885
1021,1027,316.24999999999994,53.16666666666666,93.12,4.05,0.026,5,0,1025,557," ",316.6337191666666,53.368382222222216
1022,1028,315.99999999999994,53.33333333333333,93.14,4.28,0.055,4,0,1026,551," ",316.3809669444444,53.53420527777777
1026,1032,315.49999999999994,53.91666666666666,93.37,4.89,0.043,4,0,1028,543," ",315.87294861111104,54.11583583333333
1028,1034,315.99999999999994,53.83333333333333,93.51,4.61,0.045,4,0,1032,552," ",316.37616166666663,54.03419694444444
1023,1029,314.99999999999994,53.99999999999999,93.24,5.16,10.0,3,0,1027,536," ",315.3697380555555,54.19745916666666
1044,1050,315.99999999999994,54.66666666666666,94.13,5.17,0.09,4,0,1048,553," ",316.3678905555555,54.86751583333333
1054,1060,317.49999999999994,55.08333333333333,95.02,4.82,0.031,4,340,1058,575," ",317.87127416666664,55.28916277777777
1056,1062,317.99999999999994,55.33333333333333,95.4,4.79,0.003,5,341,1060,579," ",318.3713594444444,55.540789999999994
1058,1064,317.99999999999994,55.41666666666666,95.46,4.85,0.001,5,342,1062,580," ",318.3705166666666,55.62412194444444
1066,1072,318.74999999999994,55.99999999999999,96.18,4.95,1.51,2,343,1070,585," ",319.1185802777777,56.20986277777777
1077,1083,322.99999999999994,55.74999999999999,97.72,3.11,0.761,3,0,1081,630," ",323.3948144444444,55.972873055555546
1081,1087,323.49999999999994,56.33333333333333,98.32,3.35,0.013,5,0,1085,638," ",323.8922697222222,56.55764888888888
1084,1090,323.49999999999994,56.49999999999999,98.43,3.48,0.028,4,0,1088,639,"365",323.8906891666666,56.72431305555555
1079,1085,322.99999999999994,56.533333333333324,98.25,3.69,0.01,4,0,1083,631," ",323.3874058333333,56.75619499999999
1082,1088,324.24999999999994,55.99999999999999,98.41,2.83,0.019,4,0,1087,651,"160",324.6497847222222,56.22646388888888
1098,1104,325.12499999999994,56.49999999999999,99.11,2.89,0.006,4,0,1102,673," ",325.5254486111111,56.72890916666666
1097,1103,325.025,56.49999999999999,99.07,2.92,0.003,6,0,1101,670,"161",325.4248422222222,56.72863166666666
1100,1106,325.24999999999994,56.66666666666666,99.27,2.97,0.009,4,0,1104,676,"163",325.64967999999993,56.89591944444444
1095,1101,324.49999999999994,56.74999999999999,99.01,3.3,0.095,3,0,1099,656," ",324.8943313888888,56.97715972222221
1107,1113,325.74999999999994,56.96666666666666,99.67,3.02,0.002,5,0,1111,682,"367",326.1499980555555,57.197288333333326
1112,1118,326.24999999999994,56.98333333333333,99.89,2.86,0.001,5,0,1117,691," ",326.6529672222222,57.215309999999995
1123,1129,326.24999999999994,57.66666666666666,100.33,3.38,0.041,3,0,1128,692," ",326.6466127777777,57.89863416666666
1086,1092,323.99999999999994,56.74999999999999,98.81,3.48,0.014,3,0,1090,648," ",324.3913019444444,56.97574305555555
1093,1099,323.74999999999994,57.16666666666666,98.98,3.88,0.008,5,0,1098,642," ",324.13575111111106,57.39168916666666
1092,1098,323.24999999999994,57.41666666666666,98.95,4.25,0.025,3,0,1096,636," ",323.63020277777775,57.64024277777777
1099,1105,323.9,57.33333333333333,99.15,3.95,0.008,4,0,1103,646," ",324.2850322222222,57.55878277777777
1789,,324.99999999999994,57.49999999999999,99.71,3.69,0.0,,0,1113,667," ",325.39025611111106,57.72854833333332
1124,1130,325.74999999999994,58.08333333333333,100.4,3.87,0.012,4,0,1129,683," ",326.1393594444444,58.313939722222216
1104,1110,324.49999999999994,57.66666666666666,99.62,3.99,0.007,4,0,1109,657," ",324.88547527777774,57.89381333333333
1105,1111,324.49999999999994,57.66666666666666,99.62,3.99,0.002,6,0,1108,658," ",324.88547527777774,57.89381333333333
1118,1124,324.99999999999994,57.99999999999999,100.04,4.07,0.015,5,258,1123,58," ",325.3853408333333,58.228541111111106
1106,1112,324.24999999999994,57.83333333333333,99.63,4.2,0.013,4,0,1110,652," ",324.63223472222217,58.059771111111104
1115,1121,324.74999999999994,58.04999999999999,99.97,4.19,0.008,5,0,1120,663," ",325.1332366666666,58.27784277777777
1122,1128,324.99999999999994,58.33333333333333,100.26,4.32,0.015,5,0,1127,668," ",325.38198638888883,58.56186944444443
1121,1127,324.84999999999997,58.33333333333333,100.2,4.37,0.004,5,0,1126,665," ",325.2310119444444,58.561451388888884
1074,1080,319.99999999999994,56.33333333333333,96.91,4.69,0.001,5,363,1078,603,"154",320.3720855555555,56.54713972222221
1080,1086,321.74999999999994,57.33333333333333,98.3,4.74,0.095,4,371,1084,617," ",322.1219583333333,57.552481111111106
1087,1093,322.99999999999994,57.41666666666666,98.85,4.34,0.034,4,0,1092,632," ",323.37867138888885,57.63951527777777
1090,1096,322.49999999999994,57.83333333333333,98.93,4.83,0.001,3,0,1094,620," ",322.8713058333333,58.05470694444443
1096,1102,322.74999999999994,57.83333333333333,99.03,4.74,0.008,5,0,1100,627," ",323.1228513888888,58.05544333333332
1111,1117,324.24999999999994,58.08333333333333,99.79,4.39,0.004,5,0,1116,653," ",324.6297016666666,58.30976749999999
1117,1123,324.49999999999994,58.24999999999999,100.0,4.43,0.003,5,0,1122,659," ",324.8796005555555,58.47713777777777
1120,1126,324.49999999999994,58.33333333333333,100.06,4.49,0.006,5,0,1125,660," ",324.8787455555555,58.560469999999995
1110,1116,323.74999999999994,58.33333333333333,99.76,4.75,0.034,3,0,1115,643," ",324.12392249999994,58.558338055555545
1125,1131,324.62499999999994,59.33333333333333,100.77,5.2,0.046,3,0,1130,29,"366",324.9939969444444,59.560806111111106
1018,1023,314.24999999999994,54.16666666666666,93.08,5.6,0.28,2,0,1022,513," ",314.6145041666666,54.361532222222216
1031,1037,313.24999999999994,55.24999999999999,93.53,6.75,0.591,3,0,1034,503," ",313.59829388888886,55.44133805555555
1032,1038,311.24999999999994,56.16666666666666,93.53,8.2,0.66,2,0,1035,493," ",311.5782358333333,56.35079694444444
1033,1039,310.24999999999994,56.66666666666666,93.58,8.94,0.079,4,0,1037,485," ",310.5673963888888,56.84710583333332
1045,1051,310.37499999999994,57.33333333333333,94.16,9.29,0.01,5,244,1049,487," ",310.6846372222222,57.514219722222215
1043,1049,310.24999999999994,57.33333333333333,94.12,9.35,0.005,6,0,1047,486," ",310.5590219444444,57.51375666666666
1038,1044,309.99999999999994,57.16666666666666,93.9,9.35,0.006,5,0,1040,482," ",310.3099258333333,57.34616527777777
1030,1036,309.24999999999994,56.99999999999999,93.52,9.58,0.088,5,0,1033,469," ",309.55844388888886,57.17669638888888
1027,1033,308.99999999999994,56.99999999999999,93.44,9.69,0.714,3,0,1031,467," ",309.3072591666666,57.17575416666666
1035,1041,309.24999999999994,57.33333333333333,93.79,9.78,0.022,5,245,1038,470," ",309.55415722222216,57.51002138888888
1047,1053,314.49999999999994,55.49999999999999,94.18,6.37,0.033,5,339,1050,522,"357",314.8516983333333,55.69570777777777
1052,1058,315.24999999999994,55.83333333333333,94.72,6.27,0.869,3,339,1056,540," ",315.6018597222222,56.031614999999995
1050,1056,314.24999999999994,55.83333333333333,94.35,6.69,0.036,2,339,1054,514," ",314.5967930555555,56.028167222222216
1057,1063,316.49999999999994,56.16666666666666,95.44,5.97,0.025,5,339,1061,561,"360",316.85473777777776,56.36916694444444
1061,1067,316.99999999999994,56.49999999999999,95.87,6.0,0.012,5,339,1064,570," ",317.3537827777777,56.704156944444435
1059,1065,316.49999999999994,56.33333333333333,95.56,6.09,0.023,5,339,1063,562,"151",316.8529238888888,56.53583027777777
1063,1069,316.74999999999994,56.66666666666666,95.9,6.21,0.018,4,339,1067,565," ",317.10059777777775,56.869990833333325
1062,1068,316.22499999999997,56.91666666666666,95.89,6.59,0.027,5,0,1066,28,"359",316.5699541666666,57.1182311111111
1055,1061,314.24999999999994,57.16666666666666,95.36,7.56,0.618,2,364,1059,515,"354",314.58148527777774,57.36147305555555
1065,1071,314.24999999999994,57.99999999999999,96.0,8.1,0.092,5,243,1069,516," ",314.5713408333333,58.19478833333333
1102,1108,321.24999999999994,59.33333333333333,99.49,6.37,0.046,3,257,1106,615," ",321.5967705555555,59.550936111111106
1113,1119,317.99999999999994,61.49999999999999,99.91,9.03,0.01,5,366,1118,581," ",318.29723249999995,61.707333055555544
1119,1125,318.37499999999994,61.49999999999999,100.04,8.9,0.01,5,256,1124,582," ",318.6747494444444,61.70854777777777
1070,1076,312.04999999999995,59.66666666666666,96.57,10.04,0.008,5,242,1074,495,"149 148",312.3369958333333,59.85361722222221
1076,1082,312.49999999999994,59.99999999999999,96.98,10.07,0.111,5,241,1080,498,"150",312.78476388888885,60.18855999999999
1127,1133,330.24999999999994,55.99999999999999,101.02,0.72,0.248,3,0,1132,719," ",330.6863994444444,56.24218083333333
1153,1159,331.24999999999994,58.33333333333333,102.84,2.29,2.79,1,0,1158,722," ",331.67411527777773,58.57785527777777
1159,1165,331.37499999999994,58.83333333333333,103.18,2.66,0.019,6,409,1163,724," ",331.79568833333326,59.07814027777777
1158,1164,331.24999999999994,58.91666666666666,103.18,2.76,0.019,6,0,1164,723,"174",331.6690680555555,59.161182222222216
1147,1153,329.74999999999994,58.74999999999999,102.45,3.09,0.079,5,0,1152,717,"171",330.1599847222222,58.99094027777777
1154,1160,330.74999999999994,58.74999999999999,102.87,2.78,0.019,3,0,1159,720," ",331.16699583333326,58.9933436111111
1160,1166,330.99999999999994,59.33333333333333,103.32,3.18,0.001,6,253,1167,721,"173",331.4135469444444,59.577259722222216
1163,1169,331.37499999999994,59.49999999999999,103.57,3.2,0.004,5,410,1168,725," ",331.7897583333333,59.74479972222221
1188,1194,337.74999999999994,58.83333333333333,105.95,0.87,0.009,3,0,1193,761," ",338.21733249999994,59.09137277777777
1179,1185,336.87499999999994,58.83333333333333,105.56,1.1,0.006,6,0,1184,754," ",337.3357866666666,59.0897436111111
1173,1179,336.37499999999994,58.783333333333324,105.31,1.19,0.002,5,0,1178,750," ",336.8324286111111,59.03878583333333
1184,1190,337.24999999999994,58.883333333333326,105.75,1.04,0.004,4,0,1189,757," ",337.71323499999994,59.14044888888888
1174,1180,336.24999999999994,58.99999999999999,105.37,1.41,7.0,1,0,1180,745," ",336.70491138888883,59.25520833333333
1192,1198,338.74999999999994,59.16666666666666,106.57,0.9,0.054,2,0,1197,764," ",339.22265083333326,59.426491944444436
1199,1205,340.99999999999994,60.16666666666666,108.04,1.24,0.095,2,0,1204,771," ",341.4838147222222,60.43021722222221
1178,1184,334.74999999999994,60.49999999999999,105.53,3.08,0.124,3,0,1183,742," ",335.1814802777777,60.75218833333332
1189,1195,336.24999999999994,60.99999999999999,106.42,3.11,0.017,5,0,1194,746," ",336.68920388888887,61.25519138888888
1190,1196,336.24999999999994,60.99999999999999,106.42,3.11,0.029,4,306,1195,747," ",336.68920388888887,61.25519138888888
1133,1139,328.49999999999994,58.33333333333333,101.68,3.15,0.015,5,0,1138,709," ",328.90522277777774,58.571171111111106
1135,1141,328.49999999999994,58.49999999999999,101.78,3.28,0.01,4,0,1140,710," ",328.9036738888888,58.73783555555555
1137,1143,328.99999999999994,58.74999999999999,102.14,3.32,0.02,6,0,1142,713," ",329.40477361111107,58.98908944444444
1143,1149,328.99999999999994,58.883333333333326,102.22,3.43,0.015,4,0,1148,714,"170",329.40352388888886,59.1224211111111
1136,1142,328.74999999999994,58.83333333333333,102.09,3.47,0.002,5,0,1141,712," ",329.1522602777777,59.071795555555546
1126,1132,326.24999999999994,58.49999999999999,100.87,4.02,0.003,4,372,1131,693," ",326.63852861111104,58.7319561111111
1131,1137,327.49999999999994,58.83333333333333,101.58,3.87,0.018,5,252,1137,704,"368",327.8936627777777,59.06859638888888
1132,1138,327.49999999999994,58.83333333333333,101.58,3.87,0.018,4,373,1136,705," ",327.8936627777777,59.06859638888888
1145,1151,329.49999999999994,58.83333333333333,102.4,3.23,0.027,3,0,1151,715,"169",329.90747472222216,59.07366027777777
1130,1136,325.99999999999994,59.74999999999999,101.57,5.06,0.012,5,0,1135,685," ",326.373905,59.98126222222221
1138,1144,327.24999999999994,59.883333333333326,102.14,4.77,0.027,5,0,1143,702,"166 165 167",327.63127861111104,60.117928333333325
1128,1134,324.99999999999994,59.99999999999999,101.35,5.58,2.63,1,0,1133,669," ",325.3642033333333,60.228510555555545
1129,1135,324.49999999999994,60.41666666666666,101.44,6.06,0.054,3,0,1134,661," ",324.8559505555555,60.64376999999999
1134,1140,324.74999999999994,60.66666666666666,101.7,6.16,0.24,2,0,1139,664," ",325.1047930555555,60.89446805555555
1169,1175,332.99999999999994,60.49999999999999,104.81,3.55,0.015,3,0,1174,730," ",333.41786111111105,60.748459444444435
1182,1188,333.74999999999994,61.49999999999999,105.67,4.18,0.398,3,0,1187,738," ",334.1644897222222,61.75007583333333
1176,1182,332.87499999999994,61.66666666666666,105.42,4.55,0.004,5,250,1181,729," ",333.2807894444444,61.91483777777777
1180,1186,332.99999999999994,61.883333333333326,105.59,4.7,0.005,5,247,1185,731," ",333.4046547222222,62.13177749999999
1187,1193,333.24999999999994,62.16666666666666,105.85,4.87,0.002,5,249,1192,734," ",333.6538719444444,62.415654722222214
1185,1191,333.12499999999994,62.16666666666666,105.8,4.9,0.004,5,248,1190,733," ",333.5278355555555,62.41538166666666
1197,1203,336.49999999999994,62.74999999999999,107.43,4.54,0.016,3,307,1202,751," ",336.9259066666666,63.00565972222221
1196,1202,336.24999999999994,62.83333333333332,107.38,4.67,0.004,5,307,1201,748," ",336.6729405555555,63.08850777777777
1198,1204,336.24999999999994,62.99999999999999,107.47,4.82,2.5,2,307,1203,749," ",336.67136027777775,63.255172777777766
1195,1201,335.49999999999994,63.24999999999999,107.31,5.21,0.009,3,307,1200,744," ",335.9122894444444,63.50368694444443
1202,1208,337.24999999999994,64.16666666666666,108.46,5.58,0.018,1,307,1207,758," ",337.6690836111111,64.42373722222221
1172,1178,331.87499999999994,62.08333333333332,105.27,5.16,0.005,5,251,1177,726," ",332.2684130555555,62.32925333333333
1200,1206,336.74999999999994,64.16666666666666,108.27,5.7,0.083,3,0,1205,752," ",337.1644152777777,64.42279222222221
1201,1207,336.99999999999994,64.16666666666666,108.36,5.64,0.047,2,0,1206,755," ",337.41674722222217,64.42326722222221
1203,1209,336.99999999999994,64.49999999999999,108.53,5.93,0.111,1,0,1208,756," ",337.4133569444444,64.75659694444444
1207,1213,337.49999999999994,65.16666666666666,109.06,6.39,0.006,5,0,1211,759," ",337.9112130555555,65.42419222222222
1212,1218,344.99999999999994,61.99999999999999,110.58,2.05,1.59,3,0,1218,778," ",345.50671722222216,62.269163055555545
1209,1215,342.49999999999994,61.83333333333332,109.44,2.4,0.021,5,0,1214,774," ",342.9856516666666,62.09913583333333
1205,1211,341.24999999999994,61.91666666666666,108.95,2.74,0.011,5,0,1210,772," ",341.7241733333333,62.1805961111111
1206,1212,341.49999999999994,61.94999999999999,109.07,2.71,0.014,3,0,1212,773," ",341.97612111111107,62.21431388888888
1210,1216,342.49999999999994,61.99999999999999,109.52,2.55,0.142,4,0,1215,775," ",342.98455388888885,62.26580166666666
1218,1224,345.49999999999994,63.49999999999999,111.39,3.33,0.016,3,0,1223,780," ",346.0025069444444,63.769767222222214
1204,1210,340.74999999999994,61.83333333333332,108.7,2.77,0.011,4,0,1209,769," ",341.22042472222216,62.09647888888888
1217,1223,343.74999999999994,63.99999999999999,110.89,4.11,1.01,1,0,1222,777," ",344.2324080555555,64.2675361111111
1233,1239,347.57499999999993,65.8,113.11,5.11,0.005,5,267,1238,786," ",348.08432916666663,66.07207194444443
1260,1266,358.74999999999994,66.99999999999999,117.75,4.95,2.54,2,271,1266,814," ",359.37994416666663,67.27828527777777
1262,1268,359.24999999999994,67.16666666666666,117.97,5.07,0.158,4,271,1268,817," ",359.8856969444444,67.44498083333332
1258,1264,357.49999999999994,67.99999999999999,117.5,6.03,0.102,2,271,1264,805," ",358.1141755555555,68.27811833333332
1234,1240,347.24999999999994,66.16666666666666,113.12,5.5,0.126,2,268,1239,784," ",347.7534944444444,66.43839805555555
1208,1214,337.99999999999994,65.49999999999999,109.41,6.57,0.256,1,0,1213,763," ",338.4126233333333,65.75843805555554
1244,1250,349.99999999999994,66.99999999999999,114.45,5.89,2.63,1,266,1249,793," ",350.5291044444444,67.27431722222221
1268,1274,358.74999999999994,70.66666666666666,118.52,8.54,0.032,4,356,1274,815," ",359.37766333333326,70.94494944444443
1139,1145,322.49999999999994,62.49999999999999,102.14,8.24,0.183,3,255,1145,621," ",322.81488111111105,62.72128777777777
1140,1146,322.49999999999994,62.49999999999999,102.14,8.24,0.183,3,365,1144,622," ",322.81488111111105,62.72128777777777
1156,1162,319.74999999999994,64.83333333333333,102.92,10.76,0.004,3,290,1161,596," ",320.00715611111104,65.04617583333332
1175,1181,325.24999999999994,65.91666666666666,105.36,9.97,0.008,4,289,1179,677," ",325.5351694444444,66.14575583333333
1177,1183,325.24999999999994,65.99999999999999,105.42,10.03,0.09,2,289,1182,678," ",325.53376555555553,66.22908722222222
1170,1176,322.49999999999994,66.49999999999999,104.93,11.15,0.446,1,288,1175,623," ",322.75011249999994,66.72119027777777
1171,1177,319.49999999999994,68.05,105.22,13.06,0.005,4,287,1176,591," ",319.69069499999995,68.26195194444443
1193,1199,323.74999999999994,68.33333333333333,106.57,12.15,0.235,2,286,1198,644," ",323.9752116666666,68.55811972222222
1230,1236,342.74999999999994,68.66666666666666,112.56,8.49,0.044,4,285,1235,776," ",343.18052333333327,68.93278277777777
1215,1221,336.74999999999994,68.74999999999999,110.67,9.61,0.02,5,284,1220,753," ",337.1084044444444,69.00606944444444
1211,1217,332.99999999999994,70.49999999999999,110.54,11.79,0.186,3,352,1216,732,"175",333.2831919444444,70.7483061111111
1213,1219,332.62499999999994,70.74999999999999,110.58,12.06,0.003,5,352,1217,728," ",332.8984147222222,70.99746694444444
1229,1235,333.49999999999994,73.16666666666666,112.24,13.88,0.037,6,351,1233,736," ",333.7286947222222,73.41600055555554
1236,1242,337.49999999999994,72.99999999999999,113.15,13.11,0.793,3,351,1241,760," ",337.7917088888888,73.2574111111111
1253,1259,350.24999999999994,73.99999999999999,116.93,12.44,0.035,2,355,1259,795," ",350.72890638888884,74.27449555555555
1255,1261,351.24999999999994,73.99999999999999,117.2,12.35,0.03,4,355,1260,798," ",351.74592999999993,74.27526194444444
1256,1262,351.24999999999994,73.99999999999999,117.2,12.35,0.066,6,355,1261,799," ",351.74592999999993,74.27526194444444
1083,1089,307.99999999999994,63.33333333333332,98.4,13.78,0.244,3,296,1086,455," ",308.20299138888885,63.50509222222222
1094,1100,308.49999999999994,63.83333333333332,98.96,13.88,0.007,5,298,1097,462," ",308.6963158333333,64.00698388888888
1088,1094,307.99999999999994,63.83333333333332,98.83,14.06,0.002,5,297,1091,456," ",308.1932466666666,64.00507333333333
1116,1122,307.99999999999994,65.16666666666666,99.97,14.81,0.041,4,299,1121,457," ",308.16546527777774,65.33835333333333
1141,1147,309.99999999999994,67.16666666666666,102.14,15.29,0.127,3,300,1147,483," ",310.1326266666666,67.34583222222221
1142,1148,309.99999999999994,67.16666666666666,102.14,15.29,0.015,6,300,1146,484," ",310.1326266666666,67.34583222222221
1149,1155,310.74999999999994,67.49999999999999,102.6,15.25,0.006,6,300,1153,488," ",310.87990499999995,67.68193277777777
1152,1158,310.99999999999994,67.49999999999999,102.66,15.17,0.111,4,300,1156,491," ",311.1318308333333,67.6828536111111
1151,1157,309.74999999999994,67.83333333333333,102.65,15.75,0.005,5,301,1155,474," ",309.8635894444444,68.01153194444443
1146,1152,308.49999999999994,67.83333333333333,102.37,16.14,0.025,5,302,1150,463," ",308.60415972222216,68.00680777777777
1161,1167,315.74999999999994,66.83333333333333,103.3,13.32,0.062,2,304,1165,549," ",315.93543638888883,67.03302527777777
1164,1170,315.24999999999994,67.41666666666666,103.63,13.84,0.215,3,304,1169,541," ",315.4180177777777,67.61462916666666
1167,1173,315.99999999999994,67.49999999999999,103.88,13.67,0.006,5,304,1172,554," ",316.17238111111106,67.70051388888888
1166,1172,315.49999999999994,67.49999999999999,103.76,13.82,0.01,6,304,1171,544," ",315.66815611111105,67.69881444444444
1168,1174,315.49999999999994,67.99999999999999,104.15,14.14,0.294,4,304,1173,545," ",315.65614666666664,68.19879388888889
1162,1168,313.99999999999994,67.41666666666666,103.31,14.21,0.003,5,305,1166,512," ",314.1577066666666,67.61029638888888
1165,1171,313.24999999999994,68.13333333333333,103.71,14.88,0.002,5,303,1170,504," ",313.3837083333333,68.32428694444444
1222,1228,314.99999999999994,77.33333333333333,111.67,20.1,0.086,1,350,1227,537," ",314.75615277777774,77.52973305555554
1245,1251,338.74999999999994,74.99999999999999,114.51,14.65,0.195,5,354,1250,765," ",339.0130880555555,75.25963277777777
1241,1247,334.99999999999994,74.99999999999999,113.66,15.17,0.167,4,353,1246,743," ",335.19952972222217,75.25245527777777
1237,1243,332.49999999999994,75.08333333333333,113.16,15.6,0.081,3,353,1242,727," ",332.65537777777774,75.3303886111111
1235,1241,327.49999999999994,76.49999999999999,113.08,17.48,1.38,1,349,1237,706," ",327.5123091666666,76.73475972222221
1283,1289,327.49999999999994,88.16666666666666,121.56,26.09,0.012,2,346,1288,707," ",322.8428719444444,88.39537888888887
1286,1292,329.99999999999994,88.33333333333331,121.75,26.16,0.466,1,346,1290,718," ",325.1185608333333,88.56849749999999
1637,1651,94.99999999999999,-9.833333333333332,218.52,-10.89,0.255,2,72,1645,386," ",95.59245666666665,-9.859022499999998
1638,1652,95.99999999999999,-9.999999999999998,219.11,-10.08,1.16,2,71,1646,389," ",96.59169999999999,-10.030521666666665
1634,1648,87.49999999999999,-9.166666666666666,214.55,-17.25,1.85,2,78,1642,350," ",88.09570694444443,-9.155957777777777
1633,1647,84.99999999999999,-9.999999999999998,214.2,-19.83,4.23,3,78,1641,337," ",85.59170555555555,-9.977155833333333
1627,1641,83.74999999999999,-6.999999999999999,210.76,-19.61,6.27,4,78,1635,330," ",84.35664583333332,-6.971145555555554
1626,1640,82.74999999999999,-5.833333333333332,209.18,-19.97,0.018,5,78,1634,326," ",83.36242333333333,-5.7996647222222215
1632,1646,91.24999999999999,-5.999999999999999,213.32,-12.51,3.14,3,79,1640,370," ",91.86130277777777,-6.007548888888888
1631,1645,91.12499999999999,-5.666666666666666,212.96,-12.47,0.052,4,79,1639,367," ",91.73793888888888,-5.673612499999999
1630,1644,91.29999999999998,-5.499999999999999,212.89,-12.24,0.007,5,79,1638,373," ",91.91375638888887,-5.507797777777777
1629,1643,90.99999999999999,-4.666666666666666,211.99,-12.13,0.845,1,79,1637,365," ",91.61783694444443,-4.673017499999999
1624,1638,88.74999999999999,-2.4999999999999996,208.96,-13.13,2.39,2,108,1632,354," ",89.37843083333333,-2.495444722222222
1644,1658,107.99999999999999,-10.999999999999998,225.4,-0.03,0.0,2,69,1652,412," ",108.5889797222222,-11.087386388888888
1643,1657,105.49999999999999,-10.333333333333332,223.66,-1.89,1.08,3,70,1651,411," ",106.09154166666666,-10.409111666666664
1642,1656,103.52499999999999,-8.333333333333332,220.99,-2.7,0.077,3,84,1650,405," ",104.12581111111109,-8.399855277777776
1641,1655,103.54999999999998,-8.166666666666666,220.85,-2.6,0.014,4,84,1649,406," ",104.15161833333332,-8.233308333333332
1639,1653,103.84999999999998,-7.866666666666665,220.72,-2.2,0.012,3,83,1647,407," ",104.45310777777776,-7.934726388888888
1640,1654,104.24999999999999,-7.666666666666665,220.73,-1.76,0.05,3,82,1648,410," ",104.85412833333332,-7.7366119444444434
1636,1650,104.24999999999999,-4.833333333333333,218.21,-0.45,0.016,2,81,1644,409," ",104.8676197222222,-4.903309999999999
1635,1649,103.89999999999999,-3.883333333333333,217.21,-0.32,0.005,3,80,1643,408," ",104.52208944444443,-3.951673055555555
1619,1633,95.49999999999999,3.4999999999999996,206.77,-4.36,0.106,4,115,1627,388," ",96.15744305555555,3.4717336111111106
1623,1637,100.24999999999999,3.9999999999999996,208.53,0.07,0.964,2,5,1631,401," ",100.90958555555554,3.948890833333333
1625,1639,102.24999999999999,4.499999999999999,209.0,2.07,0.97,3,5,1633,404," ",102.91181138888888,4.43936611111111
1617,1631,100.37499999999999,6.416666666666666,206.44,1.29,0.023,4,117,1625,402," ",101.04621027777776,6.364932777777777
1612,1626,100.49999999999999,7.999999999999999,205.09,2.13,1.17,3,5,1620,403," ",101.17887222222221,7.94765111111111
1628,1642,68.24999999999999,-14.333333333333332,210.89,-36.51,0.372,3,73,1636,225," ",68.824625,-14.23144611111111
1620,1634,78.99999999999999,-5.833333333333332,207.35,-23.29,0.492,2,75,1628,309," ",79.61275333333332,-5.781662222222222
1601,1615,75.74999999999999,-3.4999999999999996,203.42,-25.06,0.084,2,74,1609,296," ",76.37421249999998,-3.432930555555555
1602,1616,75.99999999999999,-3.4999999999999996,203.55,-24.84,0.016,5,74,1610,298," ",76.62419194444443,-3.434110277777777
1622,1636,84.725,-3.1833333333333327,207.66,-17.01,0.003,4,77,1630,336," ",85.35020749999998,-3.159241666666666
1621,1635,84.64999999999999,-3.166666666666666,207.6,-17.07,0.008,4,76,1629,334," ",85.2752911111111,-3.1422122222222217
1600,1614,83.24999999999999,-0.6666666666666665,203.39,-16.48,0.004,5,105,1608,328," ",83.88743194444443,-0.6354741666666666
1616,1630,85.74999999999999,-0.9999999999999999,206.15,-15.08,5.98,4,104,1624,342," 33",86.38577277777776,-0.9809005555555554
1613,1627,85.99999999999999,0.0,205.36,-14.39,0.063,6,104,1621,344," ",86.64061805555555,0.017875277777777775
1606,1620,83.49999999999999,-0.16666666666666663,203.97,-16.5,0.012,5,106,1614,329," ",84.13984305555554,-0.13668777777777777
1582,1595,81.24999999999999,6.499999999999999,197.09,-15.31,1.07,2,110,1590,317," 35",81.92205444444443,6.540741388888888
1578,1589,78.89999999999999,7.333333333333332,195.09,-16.87,0.027,2,110,1586,308," ",79.57590277777777,7.3853230555555545
1579,1590,79.49999999999999,7.333333333333332,195.42,-16.37,0.85,4,110,1587,312," ",80.17596388888887,7.38245611111111
1559,1569,59.62499999999999,0.49999999999999994,189.54,-36.67,0.631,2,103,1567,167," ",60.26799138888888,0.6394347222222221
1551,1561,71.99999999999999,12.199999999999998,186.87,-19.87,0.274,1,148,1559,268," ",72.69814555555554,12.28441472222222
1546,1556,68.62499999999999,16.833333333333332,180.85,-19.71,0.05,5,157,1554,232," ",69.34445944444444,16.933166666666665
1541,1551,67.12499999999999,17.999999999999996,178.92,-20.1,0.043,6,158,1549,207," ",67.84941388888888,18.106589166666666
1536,1546,66.49999999999999,18.333333333333332,178.25,-20.34,0.37,4,158,1544,203," ",67.2256886111111,18.44271833333333
1533,1543,66.12499999999999,18.749999999999996,177.66,-20.35,0.09,5,158,1541,199," ",66.85252027777777,18.86105361111111
1618,1632,89.24999999999999,0.49999999999999994,206.49,-11.29,2.35,1,107,1626,356," ",89.89300805555554,0.5020894444444444
1615,1629,91.74999999999999,2.4999999999999996,205.89,-8.14,1.18,3,115,1623,376," ",92.40269555555554,2.4899199999999997
1608,1622,87.99999999999999,1.9999999999999998,204.53,-11.67,0.122,6,107,1616,351," ",88.65031138888888,2.0081438888888887
1610,1624,88.74999999999999,1.9999999999999998,204.9,-11.02,0.0,2,107,1618,355," ",89.40030527777776,2.0045005555555555
1607,1621,88.1,2.333333333333333,204.28,-11.43,0.027,4,107,1615,353," ",88.75193222222221,2.3409874999999998
1603,1617,87.99999999999999,2.9999999999999996,203.64,-11.2,7.75,3,115,1611,352," ",88.65517777777777,3.008131666666666
1614,1628,92.49999999999999,2.9999999999999996,205.8,-7.24,3.36,2,115,1622,380," ",93.15511166666666,2.986273055555555
1609,1623,91.24999999999999,3.4999999999999996,204.76,-8.11,0.131,1,115,1617,371," ",91.90757527777777,3.4923361111111104
1605,1619,90.49999999999999,4.166666666666666,203.81,-8.45,0.038,5,115,1613,361," ",91.16084277777776,4.162638055555555
1604,1618,90.74999999999999,4.333333333333333,203.78,-8.15,0.172,4,115,1612,362," ",91.41165222222222,4.328088055555555
1598,1612,89.99999999999999,4.666666666666666,203.12,-8.64,0.079,3,116,1606,360," ",90.66329444444443,4.66506111111111
1589,1602,85.49999999999999,5.999999999999999,199.72,-11.91,0.378,4,416,1597,339," ",86.16980805555555,6.020225555555554
1597,1611,89.49999999999999,4.999999999999999,202.59,-8.92,0.233,3,107,1605,358," ",90.1649322222222,5.000819999999999
1611,1625,96.24999999999999,5.999999999999999,204.91,-2.53,19.4,1,5,1619,390," ",96.91956166666665,5.96808111111111
1599,1613,99.49999999999999,9.499999999999998,203.3,1.95,0.0,3,5,1607,400," ",100.1863561111111,9.452413055555555
1596,1610,98.79999999999998,10.499999999999998,202.1,1.8,0.019,5,5,1604,399," 39",99.49140333333332,10.455755555555553
1592,1606,96.74999999999999,10.249999999999998,201.38,-0.11,0.043,4,5,1600,392," ",97.44044277777776,10.215617777777776
1595,1609,98.37499999999999,10.499999999999998,201.91,1.43,0.016,5,5,1603,397," ",99.06646777777776,10.457795277777777
1594,1608,98.49999999999999,10.833333333333332,201.67,1.69,0.045,5,5,1602,398," ",99.19310583333332,10.790524444444443
1593,1607,96.99999999999999,10.333333333333332,201.42,0.15,0.015,5,5,1601,394," ",97.69082694444442,10.297745277777777
1591,1605,97.49999999999999,10.666666666666666,201.36,0.74,1.25,4,5,1599,396," 37  38",98.19242166666665,10.628666666666666
1590,1604,96.49999999999999,11.666666666666664,200.02,0.34,0.008,5,5,1598,391," ",97.19756194444443,11.633472777777776
1588,1601,96.74999999999999,12.416666666666664,199.47,0.91,0.066,5,5,1596,393," ",97.4513086111111,12.382258055555553
1586,1599,86.74999999999999,7.499999999999999,199.02,-10.09,0.181,4,114,1594,347," 36",87.42721388888887,7.514144999999999
1585,1598,87.42499999999998,8.333333333333332,198.62,-9.09,0.072,5,111,1593,349," ",88.10634944444443,8.344191666666665
1584,1597,86.87499999999999,8.666666666666666,198.06,-9.4,0.032,4,112,1592,348," ",87.55799305555554,8.680190555555555
1583,1596,85.74999999999999,8.999999999999998,197.2,-10.2,0.041,4,113,1591,343," ",86.43461333333332,9.018976666666665
1581,1594,85.49999999999999,8.999999999999998,197.07,-10.41,0.059,5,113,1589,341," ",86.18460277777777,9.020188333333332
1577,1588,79.49999999999999,8.333333333333332,194.53,-15.84,0.159,3,109,1585,313,"223",80.18083805555554,8.38244361111111
1572,1583,81.49999999999999,11.999999999999998,192.39,-12.24,0.057,5,150,1580,319,"225",82.19925305555554,12.039470833333331
1570,1581,81.64999999999999,12.166666666666664,192.32,-12.03,0.001,5,150,1578,320," ",82.35011194444444,12.20541361111111
1573,1584,82.19999999999999,12.249999999999998,192.54,-11.53,0.014,4,150,1581,323," ",82.90060277777776,12.286097777777776
1571,1582,82.24999999999999,12.499999999999998,192.35,-11.35,0.011,5,150,1579,324," ",82.95187194444443,12.53585361111111
1566,1577,81.74999999999999,12.499999999999998,192.08,-11.77,0.412,4,150,1574,321," 31  30",82.45180638888888,12.538261388888888
1574,1585,84.49999999999999,13.333333333333332,192.78,-9.05,0.059,3,150,1582,333," 32",85.20635388888887,13.35830972222222
1569,1580,82.74999999999999,12.833333333333332,192.32,-10.76,0.222,1,150,1577,327," ",83.45362194444444,12.866771944444443
1568,1579,84.24999999999999,13.749999999999998,192.3,-9.04,0.317,1,150,1576,332," ",84.95846333333333,13.776180555555554
1580,1591,91.74999999999999,13.666666666666664,196.05,-2.78,0.068,3,415,1588,379," ",92.45819416666666,13.65644861111111
1576,1587,91.24999999999999,15.999999999999998,193.77,-2.06,7.31,1,127,1584,372," ",91.97034833333332,15.99217972222222
1575,1586,90.74999999999999,15.999999999999998,193.54,-2.48,7.31,1,415,1583,363," ",91.47037138888888,15.994608333333332
1587,1600,96.99999999999999,12.999999999999998,199.07,1.4,0.396,3,5,1595,395," ",97.70422527777777,12.964379166666665
1567,1578,91.37499999999999,17.999999999999996,192.09,-0.98,0.049,4,127,1575,375," ",92.10596277777776,17.991546388888885
1565,1576,91.35,18.166666666666664,191.93,-0.92,0.049,4,415,1573,374," ",92.08185999999999,18.15833222222222
1564,1574,91.19999999999999,18.499999999999996,191.57,-0.88,0.022,4,415,1572,368," ",91.93366527777776,18.49238944444444
1560,1570,90.99999999999999,19.333333333333332,190.75,-0.63,0.02,4,415,1568,366,"227",91.73819916666666,19.326683055555552
1558,1568,94.99999999999999,22.999999999999996,189.33,4.4,0.0,3,165,1566,387," ",95.75814472222221,22.973903888888884
1557,1567,94.87499999999999,23.33333333333333,188.98,4.45,0.0,3,165,1565,385," ",95.63507777777777,23.30783722222222
1556,1566,94.49999999999999,23.166666666666664,188.96,4.07,0.0,3,165,1564,383," ",95.25919694444443,23.142987499999997
1555,1565,94.49999999999999,23.33333333333333,188.81,4.15,0.252,1,165,1563,384," ",95.26015249999999,23.30965194444444
1554,1564,93.74999999999999,23.249999999999996,188.56,3.5,0.033,4,164,1562,382," ",94.50980805555554,23.22995194444444
1561,1571,76.99999999999999,10.499999999999998,191.25,-16.77,0.213,3,149,1570,300," ",77.6910736111111,10.560990833333332
1562,1572,76.99999999999999,10.499999999999998,191.25,-16.77,0.079,4,149,1569,301," ",77.6910736111111,10.560990833333332
1563,1573,81.99999999999999,13.499999999999998,191.35,-11.03,1.04,2,150,1571,322," ",82.70691305555555,13.537044999999997
1553,1563,74.74999999999999,13.749999999999998,187.15,-16.79,0.052,5,147,1561,287," ",75.45659249999999,13.821568888888887
1552,1562,74.74999999999999,13.999999999999998,186.94,-16.64,0.152,3,147,1560,288," ",75.4578386111111,14.07156583333333
1548,1558,70.74999999999999,16.999999999999996,182.02,-18.0,0.713,2,156,1556,255," ",71.47134027777777,17.09012444444444
1549,1559,80.74999999999999,22.999999999999996,182.62,-6.88,1.35,1,167,1557,316," ",81.5074536111111,23.04292833333333
1534,1544,75.24999999999999,25.166666666666664,177.91,-9.74,0.109,6,169,1542,294," ",76.01748972222221,25.235733611111108
1532,1542,74.49999999999999,25.499999999999996,177.22,-10.08,0.626,3,169,1540,285," ",75.26897944444444,25.572587222222218
1530,1540,74.49999999999999,26.08333333333333,176.75,-9.73,0.282,4,169,1538,286," ",75.27235749999998,26.15591222222222
1543,1553,78.99999999999999,26.166666666666664,179.08,-6.41,0.087,2,166,1551,310," ",79.77517166666665,26.217929999999996
1542,1552,78.64999999999999,25.999999999999996,179.04,-6.76,0.009,6,166,1550,307," ",79.42403416666666,26.052936666666664
1539,1549,78.49999999999999,26.166666666666664,178.82,-6.78,0.079,4,166,1548,306," ",79.27495388888887,26.220316111111106
1538,1548,78.24999999999999,26.166666666666664,178.69,-6.96,0.061,4,166,1546,303," ",79.0248411111111,26.221507777777774
1537,1547,78.24999999999999,26.33333333333333,178.55,-6.86,0.049,5,166,1545,304," ",79.02582888888888,26.38817194444444
1535,1545,78.04999999999998,26.666666666666664,178.18,-6.82,0.052,3,166,1543,302," ",78.82771833333332,26.722452777777775
1544,1554,79.225,26.166666666666664,179.2,-6.24,0.005,4,166,1552,311," ",80.00026638888887,26.216854999999995
1550,1560,92.49999999999999,27.999999999999996,183.84,4.78,2.3,2,179,1558,381," ",93.28835805555555,27.985942777777773
1547,1557,90.74999999999999,29.999999999999996,181.34,4.41,1.04,3,179,1555,364," ",91.55124527777777,29.994407499999994
1545,1555,89.49999999999999,31.83333333333333,179.21,4.37,0.09,4,180,1553,359," ",90.3134011111111,31.83378305555555
1540,1550,89.24999999999999,32.166666666666664,178.81,4.36,0.041,3,180,1547,357," ",90.06565416666666,32.168325277777775
1515,1525,84.64999999999999,36.3,173.3,3.22,0.006,4,182,1523,335," ",85.49439555555554,36.323905277777776
1746,1760,269.24999999999994,-32.99999999999999,358.09,-4.77,0.054,4,0,1754,797," ",270.0715780555555,-33.00165138888888
1775,1789,271.24999999999994,-32.49999999999999,359.35,-5.99,0.767,3,0,1781,846," ",272.06803888888885,-32.49194083333333
1748,1762,269.74999999999994,-33.166666666666664,358.15,-5.22,0.023,4,0,1756,807," ",270.5727261111111,-33.165885277777775
1757,1771,270.24999999999994,-32.666666666666664,358.79,-5.34,0.115,4,0,1765,821," 87",271.0692586111111,-32.663463611111105
1772,1786,270.84999999999997,-32.383333333333326,359.29,-5.64,0.011,4,0,1780,830,"300",271.6672811111111,-32.37721944444444
1739,1753,267.74999999999994,-32.99999999999999,357.45,-3.68,1.27,2,0,1746,763," ",268.57151277777774,-33.008939999999996
1744,1758,267.99999999999994,-32.666666666666664,357.85,-3.69,0.01,4,0,1752,767," ",268.8192383333333,-32.6743975
1752,1766,268.74999999999994,-32.33333333333333,358.46,-4.07,0.09,2,0,1760,786," ",269.5669983333333,-32.337425277777776
1783,1798,270.24999999999994,-31.499999999999996,359.81,-4.76,0.018,4,0,1791,820,"295",271.0613608333333,-31.49681583333333
3,3,269.99999999999994,-30.999999999999996,0.15,-4.33,5.6,2,0,6,817," ",270.8080469444444,-30.998038611111106
1769,1783,268.74999999999994,-31.499999999999996,359.18,-3.65,0.079,2,0,1775,785," ",269.5613772222222,-31.50410555555555
181,181,276.99999999999994,-28.116666666666664,5.59,-8.35,0.008,3,0,185,6," ",277.7881841666666,-28.08083305555555
2,2,270.99999999999994,-31.499999999999996,0.13,-5.32,1.24,2,0,4,837," ",271.8113086111111,-31.49317166666666
29,29,270.9,-30.63333333333333,0.85,-4.83,0.03,3,0,31,831," ",271.7055786111111,-30.62700444444444
26,26,270.49999999999994,-30.499999999999996,0.79,-4.46,0.034,3,0,30,825," ",271.3047330555555,-30.495616666666663
41,41,270.49999999999994,-29.999999999999996,1.23,-4.22,0.009,3,0,45,824," ",271.30147722222216,-29.99562444444444
49,49,269.74999999999994,-29.499999999999996,1.35,-3.4,1.04,3,0,52,806," ",270.5482844444444,-29.499276666666663
68,68,270.97499999999997,-29.366666666666664,1.99,-4.27,0.006,3,0,71,833," ",271.7723669444444,-29.359992777777773
75,75,271.24999999999994,-29.166666666666664,2.28,-4.38,0.068,1,0,78,845," ",272.04606638888885,-29.158659999999998
96,96,271.24999999999994,-28.33333333333333,3.01,-3.97,0.03,1,0,100,844," ",272.04080027777775,-28.325339166666662
108,108,271.74999999999994,-28.33333333333333,3.22,-4.36,0.003,6,0,110,865," ",272.54074944444443,-28.322910555555552
124,124,272.49999999999994,-27.999999999999996,3.84,-4.78,4.32,2,0,128,890," ",273.2885705555555,-27.985941111111106
216,217,276.24999999999994,-26.166666666666664,7.03,-6.87,0.009,2,0,220,984," ",277.0265494444444,-26.13447833333333
165,165,273.24999999999994,-26.999999999999996,5.04,-4.89,0.054,1,0,169,909," ",274.0322858333333,-26.982317222222218
204,205,275.74999999999994,-26.416666666666664,6.6,-6.59,0.026,2,0,208,974," ",276.52819138888884,-26.386889166666663
200,201,274.24999999999994,-25.999999999999996,6.35,-5.2,3.45,2,0,204,938," ",275.0260461111111,-25.977484999999998
1710,1724,262.12499999999994,-32.18333333333333,355.63,0.77,0.002,5,0,1718,673," ",262.9396161111111,-32.21952583333333
1716,1730,262.49999999999994,-32.166666666666664,355.82,0.51,1.68,2,0,1723,687," ",263.3146436111111,-32.201051111111106
1709,1723,261.99999999999994,-32.166666666666664,355.59,0.87,0.005,5,0,1717,671," ",262.8144558333333,-32.20346166666666
1720,1734,262.29999999999995,-31.83333333333333,356.01,0.84,0.006,5,0,1728,679," ",263.1123344444444,-31.868687777777772
1724,1738,262.42499999999995,-31.68333333333333,356.19,0.83,0.003,5,0,1731,681," ",263.2363791666666,-31.718087222222216
1721,1735,262.22499999999997,-31.68333333333333,356.1,0.97,0.002,5,0,1729,674," ",263.03630611111106,-31.71905166666666
1774,1788,267.49999999999994,-30.66666666666666,359.35,-2.31,0.084,3,0,1782,759," ",268.30578249999996,-30.676858055555552
1780,1795,267.87499999999994,-30.499999999999996,359.66,-2.5,0.084,4,0,1788,764," ",268.67972,-30.508372499999997
12,12,268.74999999999994,-30.116666666666664,0.38,-2.96,0.003,4,0,16,784," ",269.5522633333333,-30.120793611111107
10,10,268.65,-30.099999999999994,0.35,-2.88,0.003,4,0,13,776," ",269.4521522222222,-30.10461333333333
1755,1769,264.74999999999994,-29.999999999999996,358.68,0.06,12.5,4,0,1763,718,"275 278",265.5510094444444,-30.023541666666663
1786,1801,266.74999999999994,-29.499999999999996,0.02,-1.15,2.77,2,0,2,747," ",267.5481355555555,-29.51385111111111
34,34,266.24999999999994,-27.999999999999996,1.08,0.0,25.0,3,0,38,739," ",267.03859777777774,-28.016299999999998
1718,1732,261.49999999999994,-31.499999999999996,355.91,1.59,0.912,2,0,1726,662," ",262.3098080555555,-31.53921305555555
1740,1754,262.24999999999994,-29.999999999999996,357.51,1.88,0.321,1,0,1748,677," ",263.0503011111111,-30.03562333333333
1737,1751,261.99999999999994,-29.999999999999996,357.39,2.06,1.23,2,0,1745,670," ",262.8002136111111,-30.03682833333333
1711,1725,258.99999999999994,-30.33333333333333,355.65,4.02,0.032,5,0,1719,611,"254",259.8010572222222,-30.384554166666664
1727,1741,259.74999999999994,-29.999999999999996,356.3,3.68,17.56,3,0,1733,628," ",260.5492883333333,-30.047638055555552
1706,1720,258.24999999999994,-30.16666666666666,355.41,4.64,0.093,4,0,1713,592," ",259.04959638888886,-30.22146916666666
1708,1722,258.24999999999994,-29.999999999999996,355.55,4.74,7.78,2,0,1716,591," ",259.04853499999996,-30.054804999999995
1750,1764,261.24999999999994,-28.499999999999996,358.28,3.44,2.16,2,0,1758,656," ",262.04045138888887,-28.54046055555555
1735,1749,259.99999999999994,-28.999999999999996,357.25,4.07,0.117,5,0,1742,635,"256",260.7930730555555,-29.04645472222222
1762,1776,262.49999999999994,-28.499999999999996,358.89,2.53,2.45,2,0,1769,686," ",263.2908772222222,-28.534439999999996
25,25,262.34999999999997,-26.149999999999995,0.78,3.92,0.007,6,0,29,680," ",263.1264661111111,-26.185196666666663
64,64,264.24999999999994,-25.999999999999996,1.83,2.57,0.995,4,0,68,709," ",265.0260383333333,-26.02602055555555
42,42,262.49999999999994,-25.666666666666664,1.26,4.08,1.45,4,0,46,685," 78",263.27362666666664,-25.701146666666663
74,74,263.74999999999994,-25.166666666666664,2.3,3.4,0.038,6,0,79,698," ",264.52097555555554,-25.19511722222222
80,80,263.99999999999994,-25.08333333333333,2.49,3.25,0.005,5,0,84,704," ",264.7705375,-25.110576111111108
76,76,263.49999999999994,-24.999999999999996,2.31,3.68,0.531,3,0,80,693," ",264.2699372222222,-25.029661111111107
40,40,268.49999999999994,-29.066666666666663,1.17,-2.24,0.029,4,0,43,774," ",269.2955069444444,-29.07202444444444
48,48,268.74999999999994,-28.999999999999996,1.34,-2.4,6.14,1,0,51,783," ",269.5450908333333,-29.004144166666663
35,35,268.325,-29.066666666666663,1.1,-2.11,0.02,4,0,39,771,"289",269.1204997222222,-29.072874722222217
78,78,269.49999999999994,-28.18333333333333,2.38,-2.56,0.001,3,0,82,801,"294",270.2899483333333,-28.18384472222222
97,97,271.04999999999995,-28.18333333333333,3.06,-3.75,0.011,3,0,101,838," ",271.8398783333333,-28.17631305555555
116,116,270.84999999999997,-27.499999999999996,3.57,-3.26,0.002,3,0,120,21," ",271.63564749999995,-27.493961388888884
123,123,271.12499999999994,-27.416666666666664,3.76,-3.43,0.002,4,0,127,839," ",271.91011249999997,-27.40929333333333
127,127,271.24999999999994,-27.316666666666663,3.9,-3.48,0.007,4,0,131,843," ",272.03448611111105,-27.308687499999998
120,120,270.825,-27.416666666666664,3.63,-3.2,0.01,3,0,122,20,"299",271.61013499999996,-27.410750833333328
93,93,269.9,-27.83333333333333,2.86,-2.69,0.007,5,0,97,808," 86",270.68775861111106,-27.831906111111106
119,119,269.99999999999994,-26.999999999999996,3.63,-2.35,0.342,2,0,123,816," ",270.78261611111105,-26.998098888888887
151,151,270.74999999999994,-26.166666666666664,4.68,-2.53,0.398,2,0,155,828," ",271.52751777777775,-26.16113333333333
135,135,269.74999999999994,-26.33333333333333,4.1,-1.83,0.008,4,0,138,805," ",270.52856555555553,-26.33265694444444
147,147,270.24999999999994,-26.166666666666664,4.46,-2.14,0.047,4,0,149,819," ",271.02754361111107,-26.163562777777774
133,133,268.99999999999994,-25.999999999999996,4.05,-1.08,0.117,4,0,136,792," ",269.77655805555554,-26.00297305555555
166,166,269.74999999999994,-25.166666666666664,5.11,-1.25,0.008,5,0,170,804," ",270.52157666666665,-25.166006666666664
143,143,271.74999999999994,-26.999999999999996,4.39,-3.71,0.5,3,0,147,864," ",272.532495,-26.98959694444444
194,195,273.2,-25.749999999999996,6.12,-4.25,0.003,3,0,198,23,"306",273.9747422222222,-25.732577777777774
157,157,271.49999999999994,-26.416666666666664,4.8,-3.24,0.008,4,0,160,852," ",272.2789702777777,-26.40748611111111
176,176,271.74999999999994,-25.83333333333333,5.42,-3.15,0.308,2,0,179,863," ",272.52543166666663,-25.82294722222222
186,187,272.24999999999994,-25.749999999999996,5.71,-3.5,0.694,2,0,189,879," ",273.0248766666666,-25.737187222222218
193,194,272.49999999999994,-25.499999999999996,6.04,-3.58,0.316,3,0,197,889," ",273.2733525,-25.485977499999997
197,198,272.62499999999994,-25.38333333333333,6.19,-3.62,0.01,4,0,201,891," ",273.39764166666663,-25.36870583333333
196,197,272.49999999999994,-25.349999999999998,6.17,-3.51,0.014,2,0,200,888," ",273.27245999999997,-25.33597944444444
195,196,271.74999999999994,-24.999999999999996,6.15,-2.74,0.002,5,0,199,862," ",272.52047138888884,-24.989625555555552
198,199,272.99999999999994,-25.46666666666666,6.28,-3.96,0.001,5,0,202,902," ",273.7730836111111,-25.45021833333333
202,203,272.825,-25.18333333333333,6.45,-3.68,0.004,4,0,205,894," ",273.59642694444443,-25.167738055555553
207,208,272.49999999999994,-24.666666666666664,6.77,-3.18,0.032,1,0,211,887," ",273.26842222222217,-24.65265583333333
167,167,270.74999999999994,-25.666666666666664,5.12,-2.28,0.144,1,0,171,827," ",271.52451499999995,-25.661140277777776
199,200,271.74999999999994,-24.83333333333333,6.29,-2.66,1.05,2,0,203,861," ",272.5194872222222,-24.82296111111111
171,171,269.99999999999994,-25.166666666666664,5.22,-1.44,0.316,2,0,173,815," ",270.77157027777776,-25.164791944444442
180,180,269.99999999999994,-24.749999999999996,5.58,-1.24,2.76,1,0,184,814," ",270.7691069444444,-24.748131111111107
211,212,271.99999999999994,-24.33333333333333,6.84,-2.62,0.093,5,0,215,872," ",272.7665261111111,-24.321754166666665
210,211,271.62499999999994,-24.166666666666664,6.82,-2.24,0.008,5,0,213,855," ",272.3905894444444,-24.15691083333333
220,221,271.99999999999994,-23.999999999999996,7.13,-2.46,1.62,3,0,224,871," ",272.7645819444444,-23.98842555555555
209,210,271.525,-24.13333333333333,6.8,-2.14,0.001,5,0,212,853,"303",272.29040361111106,-24.124063611111108
212,213,271.49999999999994,-24.016666666666662,6.89,-2.07,0.001,5,0,216,851,"302",272.2647261111111,-24.007519999999996
213,214,271.49999999999994,-23.98333333333333,6.92,-2.05,0.001,5,0,217,850," ",272.26453222222216,-23.97418722222222
226,227,271.74999999999994,-23.666666666666664,7.31,-2.09,0.05,5,0,228,860," 90",272.5126722222222,-23.65631083333333
241,242,272.275,-23.416666666666664,7.76,-2.39,0.01,4,0,244,880," ",273.0361747222222,-23.403765277777776
242,243,272.24999999999994,-23.33333333333333,7.83,-2.33,0.524,3,0,246,878," ",273.0106972222222,-23.32055444444444
240,241,272.12499999999994,-23.33333333333333,7.77,-2.23,0.021,4,0,245,873," ",272.8857108333333,-23.32116111111111
255,256,272.99999999999994,-22.999999999999996,8.45,-2.78,0.377,2,0,258,901," ",273.7586919444444,-22.98358611111111
223,224,271.37499999999994,-23.499999999999996,7.29,-1.71,0.015,5,0,225,847," ",272.1367408333333,-23.491467777777775
229,230,271.49999999999994,-23.466666666666665,7.37,-1.8,0.003,5,0,232,849," ",272.2615383333333,-23.457527777777774
248,249,271.74999999999994,-22.499999999999996,8.33,-1.53,0.19,1,0,254,859," ",272.50597777777773,-22.489659999999997
256,257,271.99999999999994,-22.416666666666664,8.52,-1.69,0.075,2,0,260,870," ",272.75548111111107,-22.405113888888884
82,82,265.74999999999994,-25.999999999999996,2.55,1.43,2.26,2,0,86,734," ",266.5263033333333,-26.018753888888885
140,140,267.49999999999994,-24.999999999999996,4.22,0.59,1.01,2,0,144,758," ",268.27053249999994,-25.010274722222217
150,150,268.49999999999994,-24.999999999999996,4.68,-0.19,13.55,3,0,154,773," ",269.2705825,-25.00541694444444
130,130,265.49999999999994,-24.166666666666664,3.99,2.58,0.296,2,0,133,731,"281",266.2654280555555,-24.18665805555555
90,90,264.12499999999994,-24.83333333333333,2.76,3.29,0.036,5,0,93,706," ",264.89409138888885,-24.85997472222222
126,126,264.99999999999994,-23.999999999999996,3.89,3.06,0.361,1,0,130,722," ",265.76438277777777,-24.022416666666665
142,142,264.99999999999994,-23.499999999999996,4.32,3.32,1.48,3,0,145,721,"279",265.76149111111107,-23.52242333333333
161,161,266.99999999999994,-23.999999999999996,4.85,1.5,0.117,2,0,164,750," ",267.76462861111105,-24.012716388888887
159,159,266.37499999999994,-23.666666666666664,4.83,2.16,0.071,1,0,162,740," ",267.1376347222222,-23.682421111111108
187,188,267.49999999999994,-23.166666666666664,5.8,1.53,0.298,4,0,191,757," ",268.2598475,-23.176966666666665
160,160,265.49999999999994,-23.166666666666664,4.84,3.11,0.054,2,0,163,730," ",266.25964805555554,-23.186671666666662
170,170,265.99999999999994,-22.999999999999996,5.23,2.8,0.479,1,0,174,735," ",266.75875638888886,-23.017582777777776
214,215,268.74999999999994,-22.499999999999996,6.96,0.88,8.83,2,0,218,782," ",269.5060844444444,-22.504236388888884
231,232,270.49999999999994,-22.83333333333333,7.47,-0.68,0.086,1,0,235,823," ",271.2579627777777,-22.82906111111111
236,237,269.49999999999994,-22.166666666666664,7.59,0.45,0.524,1,0,239,800," ",270.25419416666665,-22.167262777777776
217,218,267.99999999999994,-21.966666666666665,7.06,1.75,0.025,3,0,221,766," ",268.75303777777776,-21.974554166666664
261,262,269.99999999999994,-20.999999999999996,8.84,0.63,0.009,6,0,264,813," ",270.7476283333333,-20.99818194444444
252,253,279.24999999999994,-25.999999999999996,8.41,-9.21,0.689,1,0,256,70," ",280.0245044444444,-25.953385555555553
299,300,281.99999999999994,-24.33333333333333,11.03,-10.72,0.37,1,32,303,122," ",282.76357111111105,-24.273627499999996
239,240,278.49999999999994,-26.416666666666664,7.73,-8.79,0.022,3,0,243,47," ",279.27728499999995,-26.37364305555555
247,248,278.24999999999994,-25.83333333333333,8.15,-8.33,0.052,1,0,251,38," ",279.0239052777777,-25.79151833333333
238,239,277.575,-26.049999999999997,7.68,-7.88,0.018,6,0,242,26," 98",278.3504327777777,-26.011427499999996
244,245,276.99999999999994,-25.499999999999996,7.94,-7.17,0.44,1,0,248,5," ",277.7723558333333,-25.46420416666666
262,263,278.24999999999994,-24.999999999999996,8.91,-7.95,2.43,2,0,266,37," ",279.0189997222222,-24.958196666666662
235,236,275.74999999999994,-25.33333333333333,7.57,-6.09,0.029,3,0,237,973," ",276.52172749999994,-25.303571388888887
250,251,276.49999999999994,-24.83333333333333,8.33,-6.46,0.185,1,0,253,990," ",277.26858166666665,-24.799957499999998
265,266,276.99999999999994,-24.166666666666664,9.14,-6.56,0.418,2,0,269,4," ",277.76455666666664,-24.130889444444442
246,247,275.24999999999994,-24.58333333333333,8.03,-5.34,0.034,1,0,250,959," ",276.0174408333333,-24.555998611111107
268,269,276.62499999999994,-23.83333333333333,9.28,-6.11,0.041,2,0,272,993,"276",277.3877383333333,-23.79936833333333
283,284,278.24999999999994,-23.499999999999996,10.26,-7.28,0.199,1,0,287,36," ",279.0103336111111,-23.458217499999996
300,301,278.09999999999997,-22.53333333333333,11.06,-6.72,0.018,2,36,304,34," ",278.85490027777774,-22.49228444444444
294,295,277.45,-22.38333333333333,10.92,-6.12,0.002,3,0,298,17," ",278.20424944444443,-22.345413055555554
296,297,280.99999999999994,-23.999999999999996,10.93,-9.76,0.176,1,320,299,103," ",281.76212999999996,-23.94505333333333
310,311,281.62499999999994,-23.499999999999996,11.64,-10.06,0.224,2,32,314,115," ",282.38401277777774,-23.442086388888885
315,316,280.42499999999995,-22.666666666666664,11.91,-8.7,0.108,1,33,319,95," ",281.17983166666664,-22.61447944444444
320,321,281.825,-22.699999999999996,12.45,-9.88,0.025,3,32,324,119," ",282.57943333333327,-22.64114694444444
303,304,277.99999999999994,-22.166666666666664,11.35,-6.47,0.02,2,35,307,33," ",278.75287111111106,-22.12610333333333
328,329,279.37499999999994,-20.916666666666664,13.06,-7.05,0.052,2,34,332,74," ",280.1205075,-20.8695225
345,346,279.99999999999994,-19.999999999999996,14.15,-7.16,0.016,3,0,349,93," ",280.7403075,-19.949877499999996
249,250,275.075,-24.166666666666664,8.32,-5.0,0.002,3,0,252,954," ",275.8400519444444,-24.140184166666664
258,259,275.49999999999994,-24.016666666666662,8.64,-5.28,0.023,3,0,262,966," ",276.26408499999997,-23.98813111111111
251,252,275.025,-24.08333333333333,8.38,-4.93,0.004,3,0,255,952," ",275.7895791666666,-24.057093888888886
266,267,275.12499999999994,-23.166666666666664,9.23,-4.58,0.005,2,0,271,955," ",275.8842761111111,-23.139956111111108
267,268,275.12499999999994,-23.166666666666664,9.23,-4.58,0.005,4,0,270,956," ",275.8842761111111,-23.139956111111108
293,294,277.24999999999994,-22.33333333333333,10.88,-5.93,0.002,3,0,297,14," ",278.0040241666666,-22.296376666666664
295,296,277.37499999999994,-22.33333333333333,10.94,-6.03,0.002,3,38,300,16," ",278.12898916666666,-22.29577472222222
308,309,276.99999999999994,-21.499999999999996,11.52,-5.34,0.014,4,0,312,3," ",277.74942805555554,-21.46425861111111
264,265,273.49999999999994,-22.499999999999996,9.11,-2.94,0.33,2,0,268,916," ",274.25576972222217,-22.481168055555553
271,272,273.74999999999994,-22.166666666666664,9.51,-2.99,0.07,3,0,275,921,"308",274.5038433333333,-22.146627222222218
305,306,275.04999999999995,-20.666666666666664,11.41,-3.34,0.025,4,0,309,953," ",275.79524,-20.64035222222222
290,291,274.24999999999994,-20.999999999999996,10.76,-2.84,0.274,4,0,294,937," ",274.9972266666666,-20.97755361111111
313,314,274.49999999999994,-19.999999999999996,11.76,-2.57,3.6,3,0,317,941," ",275.24166694444443,-19.97635611111111
312,313,277.62499999999994,-21.58333333333333,11.71,-5.9,0.018,3,37,315,27," 99",278.3747233333333,-21.544581388888886
333,334,279.24999999999994,-20.499999999999996,13.38,-6.76,0.075,1,53,336,69," ",279.99326749999994,-20.45345972222222
343,344,279.74999999999994,-19.999999999999996,14.04,-6.95,0.016,3,52,347,83,"315",280.4903891666666,-19.951072777777775
342,343,276.49999999999994,-18.43333333333333,14.03,-3.5,0.987,3,0,346,989," ",277.23280416666665,-18.400042777777774
352,353,277.49999999999994,-18.333333333333332,14.56,-4.3,3.33,1,0,355,25," ",278.2320497222222,-18.295225
355,356,276.87499999999994,-17.749999999999996,14.8,-3.5,0.011,4,0,359,998,"311",277.60407999999995,-17.71490972222222
363,364,277.99999999999994,-17.666666666666664,15.37,-4.41,0.102,3,0,367,32," ",278.7283872222222,-17.626161666666665
270,271,271.99999999999994,-21.333333333333332,9.46,-1.16,0.016,3,0,273,869," ",272.7493736111111,-21.321794999999998
274,275,272.24999999999994,-21.199999999999996,9.69,-1.3,0.001,3,0,278,877," ",272.9986041666666,-21.18724972222222
281,282,272.49999999999994,-20.999999999999996,9.98,-1.41,0.052,4,0,284,886," ",273.2474633333333,-20.986038888888885
273,274,271.575,-20.966666666666665,9.59,-0.64,0.02,4,0,277,854," ",272.32236249999994,-20.95719694444444
314,315,273.74999999999994,-19.499999999999996,11.86,-1.71,6.0,2,0,318,920," ",274.48904527777773,-19.47999583333333
321,322,274.24999999999994,-18.999999999999996,12.53,-1.89,1.29,2,0,325,936," ",274.98625666666663,-18.97757972222222
280,281,270.49999999999994,-19.999999999999996,9.94,0.72,1.28,2,0,283,822," ",271.2420733333333,-19.995765277777775
302,303,271.24999999999994,-18.999999999999996,11.16,0.59,18.0,3,0,306,842,"304 301 297",271.9865680555555,-18.992134722222218
285,286,269.74999999999994,-19.166666666666664,10.31,1.74,0.115,2,0,288,803," ",270.48753222222217,-19.166087499999996
306,307,270.825,-18.449999999999996,11.44,1.21,0.001,6,0,310,829," ",271.5586119444444,-18.444206388888887
322,323,273.15,-18.199999999999996,12.73,-0.59,0.016,6,0,326,905," 92",273.8820819444444,-18.182921666666665
307,308,270.95,-18.43333333333333,11.51,1.12,0.001,6,0,311,832," ",271.6835158333333,-18.426932499999996
309,310,270.99999999999994,-18.366666666666664,11.59,1.11,0.004,6,0,313,836," ",271.73315361111105,-18.360023888888886
331,332,274.49999999999994,-18.166666666666664,13.37,-1.7,0.014,3,0,335,940," ",275.2317283333333,-18.143046388888887
335,336,274.24999999999994,-17.916666666666664,13.48,-1.38,0.047,3,0,339,935," ",274.9804252777777,-17.894260277777775
334,335,274.04999999999995,-17.833333333333332,13.46,-1.17,0.004,3,0,338,22,"307",274.7800069444444,-17.81189694444444
341,342,274.74999999999994,-17.666666666666664,13.92,-1.68,0.795,1,0,345,946," ",275.4790180555555,-17.6418425
349,350,276.24999999999994,-17.833333333333332,14.45,-3.01,0.145,3,0,353,983,"310",276.9796486111111,-17.801256666666664
361,362,276.74999999999994,-17.166666666666664,15.26,-3.13,0.465,2,0,365,997," ",277.47601555555553,-17.132186388888886
353,354,275.49999999999994,-17.28333333333333,14.6,-2.13,0.029,4,0,357,965," ",276.22686138888884,-17.254886388888888
350,351,275.24999999999994,-17.249999999999996,14.52,-1.9,0.029,4,0,354,958," ",275.9767255555555,-17.22276222222222
326,327,273.49999999999994,-18.083333333333332,12.99,-0.83,0.011,4,0,330,915," 93",274.2314152777777,-18.064559166666665
327,328,273.49999999999994,-18.016666666666666,13.05,-0.8,0.001,6,0,331,914," ",274.2310577777777,-17.99789333333333
330,331,273.49999999999994,-17.833333333333332,13.21,-0.71,0.005,4,0,334,913," ",274.2300758333333,-17.814562499999997
358,359,274.99999999999994,-16.499999999999996,15.07,-1.33,5.0,3,0,362,951," ",275.72280277777776,-16.473980833333332
374,376,274.99999999999994,-14.666666666666664,16.68,-0.47,0.73,4,0,378,950," ",275.71324361111107,-14.640670277777776
367,369,280.79999999999995,-18.249999999999996,16.06,-7.05,0.016,2,39,371,100," ",281.53069027777775,-18.19608111111111
364,365,279.99999999999994,-18.499999999999996,15.5,-6.49,0.093,1,54,368,91," ",280.7322658333333,-18.449896666666664
376,378,278.49999999999994,-15.999999999999998,17.08,-4.07,0.088,3,0,380,46," ",279.2195322222222,-15.957113611111108
379,381,278.62499999999994,-15.83333333333333,17.28,-4.1,0.005,4,0,383,50," ",279.34363888888885,-15.789849166666665
368,370,276.92499999999995,-16.249999999999996,16.15,-2.85,0.009,4,0,372,0," ",277.64616499999994,-16.214687499999997
370,372,276.92499999999995,-16.099999999999998,16.29,-2.78,0.001,6,0,374,999," ",277.64538138888884,-16.064689444444443
372,374,276.74999999999994,-15.83333333333333,16.44,-2.5,0.348,3,0,376,996," ",277.46902333333327,-15.79886972222222
377,379,276.99999999999994,-15.166666666666664,17.15,-2.41,0.181,4,0,381,2,"312",277.71551777777773,-15.131006111111109
383,385,277.99999999999994,-14.883333333333331,17.85,-3.13,0.011,3,0,387,31," ",278.7138655555555,-14.842862777777775
388,390,278.24999999999994,-14.499999999999998,18.3,-3.17,0.147,3,0,392,35," ",278.96184722222216,-14.458332777777775
393,395,278.99999999999994,-14.166666666666664,18.93,-3.66,0.416,3,0,397,61," ",279.70998888888886,-14.121403888888887
399,401,278.825,-13.833333333333332,19.15,-3.36,0.007,5,0,403,58,"102",279.5333275,-13.788913888888887
386,388,277.49999999999994,-14.249999999999998,18.18,-2.41,5.89,1,0,390,24," ",278.21070888888886,-14.211942499999997
387,389,277.49999999999994,-14.166666666666664,18.26,-2.37,0.121,3,0,391,23," ",278.2102822222222,-14.128610277777776
401,403,278.49999999999994,-13.499999999999998,19.3,-2.92,0.011,4,0,405,45," ",279.2066977777777,-13.457144166666664
396,398,277.49999999999994,-13.333333333333332,19.0,-1.98,0.011,3,0,399,22," ",278.20603138888885,-13.295286944444443
394,396,277.29999999999995,-13.249999999999998,18.98,-1.77,0.004,3,0,398,15," ",278.00564111111106,-13.212917499999998
405,407,277.99999999999994,-12.999999999999998,19.52,-2.26,0.339,2,0,409,30," ",278.7042541666666,-12.959552499999997
408,410,279.99999999999994,-13.499999999999998,19.97,-4.22,5.0,3,0,412,90," ",280.7063883333333,-13.449958055555554
407,409,279.74999999999994,-13.499999999999998,19.86,-4.0,1.46,4,0,411,82," ",280.4564430555555,-13.45115361111111
447,449,282.24999999999994,-11.166666666666664,23.06,-5.11,0.05,2,57,451,132," ",282.9442477777777,-11.105939166666666
431,433,279.99999999999994,-11.499999999999998,21.75,-3.3,1.71,1,0,436,88," ",280.6963594444444,-11.449981944444444
432,434,279.99999999999994,-11.499999999999998,21.75,-3.3,1.11,4,0,435,89," ",280.6963594444444,-11.449981944444444
1712,1726,257.24999999999994,-29.166666666666664,355.72,5.93,0.093,3,0,1721,563,"247 245",258.04273638888884,-29.226241111111108
1713,1727,257.24999999999994,-29.166666666666664,355.72,5.93,0.002,5,0,1720,564,"249",258.04273638888884,-29.226241111111108
1719,1733,257.325,-28.949999999999996,355.93,6.01,0.018,5,0,1727,569,"248",258.11643111111107,-29.009221111111106
1714,1728,256.99999999999994,-28.96666666666666,355.75,6.23,0.02,3,0,1722,555," ",257.79135055555554,-29.02743055555555
1723,1737,256.99999999999994,-28.416666666666664,356.2,6.55,0.192,4,0,1732,554," ",257.78795777777776,-28.477438055555552
1728,1742,257.24999999999994,-28.33333333333333,356.4,6.42,0.034,4,0,1736,562,"250",258.037585,-28.39291944444444
1729,1743,257.24999999999994,-27.999999999999996,356.67,6.62,0.51,3,0,1737,561," ",258.0355472222222,-28.059590555555552
1760,1774,259.87499999999994,-26.96666666666666,358.87,5.31,0.029,6,0,1768,630," ",260.65551861111106,-27.013749166666663
1742,1756,258.24999999999994,-27.33333333333333,357.73,6.29,0.285,5,0,1749,590," ",259.03201249999995,-27.388175833333328
1754,1768,259.24999999999994,-26.816666666666663,358.67,5.85,0.013,6,0,1762,618," 66",260.02935499999995,-26.866742499999997
1759,1773,259.49999999999994,-26.749999999999996,358.85,5.71,0.036,6,0,1767,624," 67",260.27906055555553,-26.798880833333328
1758,1772,259.17499999999995,-26.58333333333333,358.83,6.04,0.016,6,0,1766,612," 65",259.9529247222222,-26.63377111111111
1753,1767,258.87499999999994,-26.699999999999996,358.57,6.19,0.007,5,0,1761,603," ",259.6534922222222,-26.75186944444444
1722,1736,256.74999999999994,-28.33333333333333,356.13,6.78,0.038,5,0,1730,547,"244",257.5373055555555,-28.395291388888886
1732,1746,256.99999999999994,-27.33333333333333,357.08,7.19,0.306,5,0,1740,553," 59",257.78137666666663,-27.394119722222218
1779,1794,260.825,-26.599999999999998,359.65,4.81,0.006,5,0,1787,653," ",261.6036727777777,-26.642529999999997
1778,1793,260.62499999999994,-26.499999999999996,359.63,5.02,1.08,2,0,1786,649," ",261.40299999999996,-26.54349194444444
7,7,261.37499999999994,-26.249999999999996,0.22,4.6,0.036,6,0,10,657," ",262.1517633333333,-26.289891111111107
19,19,261.49999999999994,-25.999999999999996,0.49,4.64,0.642,4,0,21,661,"265 264",262.27531138888884,-26.03929305555555
21,21,261.49999999999994,-25.899999999999995,0.57,4.7,0.023,5,0,25,660," ",262.27471611111105,-25.939294444444442
36,36,261.4,-25.166666666666664,1.13,5.18,0.004,5,0,40,658,"267",262.1703494444444,-25.206452222222218
14,14,260.49999999999994,-25.499999999999996,0.4,5.67,0.02,4,0,17,648,"260",261.27201055555554,-25.544105555555554
52,52,262.275,-25.316666666666663,1.44,4.44,0.006,6,0,55,678," ",263.0464922222222,-25.352236388888887
45,45,261.99999999999994,-25.33333333333333,1.29,4.64,0.348,4,0,48,669," ",262.7715119444444,-25.37022805555555
61,61,262.075,-24.88333333333333,1.71,4.83,0.008,5,0,65,672," ",262.8438883333333,-24.919872777777773
84,84,263.24999999999994,-24.499999999999996,2.61,4.14,0.328,4,0,87,691," ",264.0169497222222,-24.53087583333333
58,58,261.84999999999997,-24.88333333333333,1.6,5.0,0.004,5,0,61,663," ",262.61882388888887,-24.92095666666666
73,73,261.99999999999994,-24.166666666666664,2.27,5.28,0.278,2,0,77,668," ",262.7646944444444,-24.20357722222222
50,50,260.49999999999994,-24.33333333333333,1.37,6.32,0.018,4,0,53,647," 76  73",261.2652005555555,-24.377454444444442
5,5,258.29999999999995,-24.366666666666664,0.2,7.96,0.012,4,0,9,595," ",259.0645622222222,-24.421310555555554
53,53,260.025,-23.866666666666664,1.52,6.94,0.001,6,0,57,636," 71",260.7873519444444,-23.91307222222222
55,55,259.99999999999994,-23.83333333333333,1.53,6.98,0.003,6,0,59,634," 69",260.7621522222222,-23.879859166666662
28,28,258.99999999999994,-23.999999999999996,0.87,7.64,2.22,2,0,33,610," ",259.7627408333333,-24.051308611111107
37,37,259.24999999999994,-23.83333333333333,1.14,7.55,0.014,3,0,41,617," ",260.0118822222222,-23.883449166666665
44,44,259.24999999999994,-23.666666666666664,1.28,7.64,0.036,1,0,47,616," ",260.01093055555555,-23.71678472222222
59,59,259.4,-23.33333333333333,1.64,7.72,0.007,3,0,63,622,"255",260.1590891666666,-23.38273833333333
69,69,261.24999999999994,-23.999999999999996,2.03,5.94,2.19,3,0,73,655," 77 269",262.013515,-24.040522777777774
54,54,260.12499999999994,-23.916666666666664,1.53,6.84,0.002,4,0,58,638," 70",260.8876730555555,-23.96259222222222
66,66,260.24999999999994,-23.499999999999996,1.94,6.98,0.009,6,0,70,641," 72",261.0103311111111,-23.545331666666662
57,57,259.9,-23.68333333333333,1.61,7.14,0.003,6,0,62,631," 68",260.66125916666664,-23.730340277777774
70,70,260.49999999999994,-23.499999999999996,2.07,6.79,0.01,4,0,74,646," ",261.26041277777773,-23.54413222222222
85,85,260.74999999999994,-22.966666666666665,2.64,6.89,0.036,4,0,89,652,"261",261.5074580555555,-23.00960583333333
81,81,260.49999999999994,-22.966666666666665,2.52,7.08,0.009,5,0,85,645," 74",261.2573808333333,-23.01080583333333
107,107,260.74999999999994,-22.249999999999996,3.25,7.29,0.023,5,0,111,651," ",261.5034183333333,-22.29294833333333
1776,1790,256.99999999999994,-24.499999999999996,359.4,8.85,1.08,3,0,1784,552," ",257.7647483333333,-24.560823888888887
1771,1785,254.24999999999997,-22.83333333333333,359.25,11.86,0.027,4,1,1779,527," ",255.00398916666663,-22.907147499999997
1782,1797,254.74999999999997,-22.499999999999996,359.81,11.69,0.149,3,26,1790,531," ",255.50241027777776,-22.57147194444444
13,13,255.24999999999997,-22.099999999999998,0.42,11.55,0.012,3,26,18,536," ",256.0004575,-22.169125277777773
16,16,258.24999999999994,-23.999999999999996,0.48,8.2,0.12,3,0,20,589," ",259.01244055555554,-24.05488694444444
24,24,258.62499999999994,-23.966666666666665,0.7,7.94,0.004,5,0,27,599," ",259.38740277777777,-24.019766111111107
23,23,258.54999999999995,-23.916666666666664,0.71,8.03,0.002,5,0,28,597," ",259.3120869444444,-23.97012444444444
9,9,256.74999999999994,-23.166666666666664,0.36,9.81,0.07,3,24,14,546," ",257.5070736111111,-23.228692777777773
30,30,257.49999999999994,-22.999999999999996,0.91,9.34,0.215,1,24,34,573," ",258.2564658333333,-23.058469166666665
46,46,257.49999999999994,-22.499999999999996,1.32,9.63,0.348,3,0,50,572," ",258.2536705555555,-22.558475277777774
56,56,257.99999999999994,-22.499999999999996,1.59,9.25,0.462,3,0,60,580," ",258.7538716666666,-22.55609694444444
72,72,259.24999999999994,-22.499999999999996,2.25,8.3,0.308,2,0,76,615," ",260.00433666666663,-22.550133055555552
86,86,259.49999999999994,-22.166666666666664,2.66,8.3,0.063,2,0,90,623," ",260.2525583333333,-22.215608055555553
91,91,260.12499999999994,-22.416666666666664,2.78,7.68,0.016,4,0,95,637,"262",260.8791616666666,-22.462611666666664
112,112,260.49999999999994,-21.83333333333333,3.47,7.71,0.034,5,0,115,644," 75",261.2510155555555,-21.877487222222218
102,102,259.87499999999994,-21.83333333333333,3.14,8.2,0.035,6,0,106,629," 67A",260.6258238888889,-21.880483888888886
101,101,259.7,-21.749999999999996,3.12,8.38,0.002,5,0,104,626," ",260.4503047222222,-21.79798944444444
77,77,258.99999999999994,-22.199999999999996,2.37,8.66,0.005,2,0,81,609," ",259.7525719444444,-22.251331666666662
88,88,259.37499999999994,-21.999999999999996,2.74,8.49,0.027,2,0,92,620," ",260.1265872222222,-22.049541666666663
87,87,258.9,-21.749999999999996,2.7,8.99,0.001,5,0,91,605," ",259.65003638888885,-21.801814999999998
92,92,258.99999999999994,-21.666666666666664,2.82,8.96,0.005,5,0,96,608," ",259.74960999999996,-21.718004999999998
89,89,258.87499999999994,-21.65,2.77,9.07,0.005,5,0,94,602," ",259.6244744444444,-21.701935555555554
103,103,259.62499999999994,-21.666666666666664,3.15,8.48,0.009,3,0,107,625," ",260.3748183333333,-21.715016388888888
94,94,259.24999999999994,-21.716666666666665,2.91,8.74,0.041,2,0,98,614," ",259.9999716666666,-21.76680972222222
95,95,259.24999999999994,-21.63333333333333,2.98,8.79,0.01,5,0,99,613," ",259.99951027777774,-21.68347722222222
99,99,258.99999999999994,-21.333333333333332,3.1,9.15,0.09,3,0,102,607," 63",259.7477697222222,-21.38467583333333
6,6,256.49999999999994,-23.166666666666664,0.23,9.99,0.052,3,25,11,544," ",257.2569597222222,-23.22987694444444
18,18,256.49999999999994,-22.83333333333333,0.5,10.19,0.01,4,0,23,543," ",257.25509666666665,-22.896547777777773
32,32,256.99999999999994,-22.58333333333333,0.98,9.96,0.111,4,0,36,551," ",257.7539244444444,-22.644181666666665
38,38,257.075,-22.416666666666664,1.16,10.0,0.008,5,0,42,558," ",257.8280297222222,-22.47716111111111
11,11,256.275,-22.83333333333333,0.38,10.36,0.012,6,0,15,541," 57",257.02999388888884,-22.897612499999997
17,17,256.24999999999994,-22.666666666666664,0.5,10.47,0.404,3,0,22,539,"246  60",257.00405499999994,-22.731066111111108
20,20,256.37499999999994,-22.666666666666664,0.57,10.38,0.047,4,0,24,542," ",257.1291119444444,-22.73047472222222
39,39,257.15,-22.43333333333333,1.19,9.93,0.017,5,0,44,559,"317",257.90315416666664,-22.493471666666665
51,51,257.4,-22.28333333333333,1.45,9.83,0.034,4,0,56,570," ",258.15242499999994,-22.342286666666663
65,65,257.49999999999994,-21.83333333333333,1.88,10.01,0.088,6,22,69,571," ",258.24997499999995,-21.891816944444443
67,67,257.74999999999994,-21.83333333333333,2.01,9.82,0.088,5,0,72,578," ",258.5000733333333,-21.890628333333332
60,60,257.24999999999994,-21.916666666666664,1.67,10.16,0.035,4,23,64,560," ",258.0003341666666,-21.97633694444444
15,15,255.34999999999997,-22.099999999999998,0.47,11.48,0.043,6,26,19,537," 51",256.10050527777776,-22.168654166666663
71,71,257.74999999999994,-21.666666666666664,2.15,9.92,0.142,4,22,75,577," ",258.4991538888888,-21.723963888888886
79,79,257.99999999999994,-21.416666666666664,2.49,9.87,0.3,4,0,83,579," ",258.74787305555554,-21.47277722222222
100,100,258.24999999999994,-20.833333333333332,3.11,10.01,0.075,6,0,103,588," 62",258.9947694444444,-20.888260555555554
104,104,258.24999999999994,-20.749999999999996,3.18,10.06,0.019,6,40,108,587," ",258.994315,-20.804928055555553
111,111,258.04999999999995,-20.299999999999997,3.45,10.47,0.007,6,41,114,584," 61",258.79179999999997,-20.355886388888887
109,109,263.99999999999994,-24.08333333333333,3.33,3.79,0.007,5,0,113,703," 83",264.76468666666665,-24.11058972222222
114,114,264.24999999999994,-23.999999999999996,3.53,3.64,0.496,2,0,118,708," ",265.0142516666666,-24.026048055555552
113,113,263.87499999999994,-23.83333333333333,3.48,4.02,0.041,2,0,117,700," ",264.6382133333333,-23.861197499999996
144,144,264.37499999999994,-22.999999999999996,4.44,4.07,0.029,4,0,148,712,"277",265.13351888888883,-23.025456388888887
125,125,263.24999999999994,-22.999999999999996,3.88,4.95,0.975,3,0,129,690,"272",264.00829861111106,-23.030896111111108
153,153,264.24999999999994,-22.58333333333333,4.73,4.39,0.511,3,0,156,707," ",265.00612388888885,-22.609400277777773
155,155,263.74999999999994,-22.249999999999996,4.76,4.96,1.61,2,0,158,697," ",264.50414527777775,-22.27848972222222
154,154,264.74999999999994,-22.83333333333333,4.76,3.87,0.497,1,0,159,717," ",265.5076305555555,-22.856976666666664
185,186,265.24999999999994,-21.999999999999996,5.72,3.92,0.3,1,0,190,724," ",266.00298,-22.02123222222222
174,174,263.99999999999994,-21.666666666666664,5.38,5.08,0.02,3,0,177,702," ",264.75091111111107,-21.693954999999995
188,189,264.99999999999994,-21.666666666666664,5.88,4.29,0.596,1,0,192,720," ",265.75107055555554,-21.689114444444442
128,128,261.99999999999994,-22.166666666666664,3.96,6.37,0.81,2,0,132,667," ",262.7532905555555,-22.20360361111111
136,136,261.49999999999994,-21.666666666666664,4.12,7.03,0.151,1,0,139,659," ",262.25036527777775,-21.70601722222222
168,168,262.49999999999994,-20.999999999999996,5.2,6.61,1.05,3,0,172,684," 80",263.24690222222216,-21.03454194444444
164,164,263.49999999999994,-21.83333333333333,4.99,5.38,0.063,3,0,168,692," ",264.25175249999995,-21.863036944444442
172,172,263.74999999999994,-21.58333333333333,5.33,5.32,0.026,4,0,176,696,"274",264.5003997222222,-21.611831666666664
192,193,263.24999999999994,-20.499999999999996,6.0,6.29,0.104,4,0,194,689," ",263.99429499999997,-20.530928611111108
182,182,262.49999999999994,-20.499999999999996,5.62,6.88,1.11,2,0,186,683," ",263.2441441666666,-20.53454833333333
201,202,263.87499999999994,-20.333333333333332,6.46,5.88,0.122,2,0,206,699," ",264.61848944444444,-20.36124333333333
208,209,263.74999999999994,-19.833333333333332,6.82,6.25,0.013,4,0,214,695," ",264.4907272222222,-19.861854166666664
215,216,263.74999999999994,-19.63333333333333,6.99,6.36,0.011,6,0,219,694," 79",264.4896358333333,-19.661856666666665
206,207,265.49999999999994,-20.999999999999996,6.69,4.24,2.0,3,0,210,729,"280",266.24741249999994,-21.02003361111111
234,235,265.87499999999994,-20.166666666666664,7.59,4.38,0.038,6,0,238,18," 84",266.61784388888884,-20.184892777777776
253,254,266.74999999999994,-19.666666666666664,8.44,3.93,0.235,2,0,257,746," ",267.4901772222222,-19.680654166666663
232,233,265.525,-19.999999999999996,7.56,4.74,0.001,6,0,236,19," ",266.2668897222222,-20.019925277777777
245,246,265.49999999999994,-19.499999999999996,7.98,5.02,10.0,3,0,249,728," ",266.23915027777775,-19.520053055555554
221,222,264.54999999999995,-19.749999999999996,7.29,5.65,0.001,6,0,226,716," ",265.29039527777775,-19.774651666666664
222,223,264.45,-19.68333333333333,7.3,5.77,0.001,6,0,227,715," ",265.1900169444444,-19.70847
218,219,264.12499999999994,-19.749999999999996,7.08,5.99,0.084,6,0,222,705," ",264.8653322222222,-19.776708333333332
225,226,264.4,-19.63333333333333,7.32,5.84,0.003,6,0,229,713," ",265.13973666666664,-19.658712499999996
227,228,264.45,-19.599999999999998,7.37,5.81,0.002,6,0,231,714," ",265.1895619444444,-19.625137777777773
230,231,264.34999999999997,-19.499999999999996,7.4,5.95,0.001,6,0,234,711," 83A",265.08900249999994,-19.525623055555553
228,229,264.29999999999995,-19.48333333333333,7.39,6.0,0.002,6,0,233,710," ",265.0389044444444,-19.50919833333333
257,258,265.49999999999994,-18.833333333333332,8.55,5.37,0.18,2,0,261,727," ",266.23552777777775,-18.85339472222222
263,264,266.49999999999994,-18.833333333333332,9.04,4.56,0.142,2,0,267,742," ",267.23562027777774,-18.84854472222222
269,270,266.49999999999994,-18.333333333333332,9.47,4.82,0.45,2,0,274,741," ",267.2329194444444,-18.34855111111111
278,279,267.49999999999994,-18.499999999999996,9.81,3.92,0.462,2,0,281,756," ",268.23387999999994,-18.51036111111111
117,117,260.49999999999994,-21.666666666666664,3.61,7.81,0.172,2,0,121,643," ",261.2500880555555,-21.710822499999995
131,131,260.49999999999994,-21.166666666666664,4.03,8.08,0.362,3,0,135,642," ",261.24731888888886,-21.210828888888887
149,149,260.99999999999994,-20.833333333333332,4.57,7.88,0.518,3,0,152,654,"266",261.7456194444444,-20.875098888888886
138,138,260.24999999999994,-20.833333333333332,4.18,8.46,1.03,1,0,140,640," ",260.99541166666666,-20.878699166666664
178,178,262.24999999999994,-20.499999999999996,5.49,7.08,0.672,4,0,182,676,"268",262.99408999999997,-20.535753611111108
184,185,262.24999999999994,-20.249999999999996,5.7,7.22,0.108,5,0,187,675,"270",262.99271861111106,-20.285756666666664
191,192,261.99999999999994,-19.749999999999996,6.0,7.68,0.278,5,0,195,666," ",262.7399347222222,-19.786967777777775
205,206,261.99999999999994,-18.999999999999996,6.64,8.09,3.56,3,0,209,665," ",262.73587416666663,-19.03697722222222
224,225,262.49999999999994,-18.499999999999996,7.32,7.96,0.088,2,0,230,682," ",263.2332858333333,-18.53457333333333
219,220,261.99999999999994,-18.43333333333333,7.12,8.4,0.007,4,0,223,664," ",262.7328305555555,-18.470317499999997
179,179,260.24999999999994,-19.249999999999996,5.51,9.34,0.047,1,0,183,639," ",260.98680527777776,-19.29538555555555
177,177,259.99999999999994,-19.166666666666664,5.45,9.58,0.034,4,0,181,633,"259",260.73629027777775,-19.213251388888885
139,139,258.45,-19.666666666666664,4.2,10.52,0.115,3,42,143,596,"251",259.18851666666666,-19.72065472222222
276,277,265.62499999999994,-17.466666666666665,9.78,5.98,0.005,3,0,280,732," ",266.3532022222222,-17.486139166666664
272,273,265.37499999999994,-17.583333333333332,9.56,6.12,0.007,3,0,276,725," ",266.10379972222216,-17.604016388888887
275,276,265.24999999999994,-17.333333333333332,9.71,6.35,0.043,3,0,279,723," ",265.9774552777777,-17.354625
289,290,264.99999999999994,-15.999999999999998,10.73,7.25,1.32,1,0,293,719," ",265.72038999999995,-16.02251944444444
260,261,263.24999999999994,-17.166666666666664,8.84,8.07,0.268,2,0,265,688," ",263.9763122222222,-17.197636944444444
282,283,263.99999999999994,-15.999999999999998,10.23,8.07,4.78,2,0,286,701," ",264.7202772222222,-16.02735972222222
1736,1750,252.24999999999997,-23.83333333333333,357.3,12.71,0.28,3,29,1744,507," ",253.00836361111106,-23.916463055555553
1733,1747,251.99999999999997,-23.749999999999996,357.22,12.95,0.28,3,1,1741,505," ",252.7577433333333,-23.83428972222222
1747,1761,253.24999999999997,-23.499999999999996,358.14,12.19,0.402,2,29,1755,516," ",254.00712138888886,-23.57848194444444
1749,1763,253.24999999999997,-23.33333333333333,358.28,12.29,0.402,2,1,1757,515," ",254.00619777777774,-23.41181722222222
1734,1748,251.49999999999997,-23.33333333333333,357.27,13.56,0.138,2,30,1743,493," ",252.25512861111108,-23.419941388888887
1745,1759,252.27499999999998,-22.999999999999996,357.99,13.21,0.027,6,31,1753,508,"238",253.02878416666664,-23.08302361111111
1765,1779,253.99999999999997,-22.83333333333333,359.11,12.05,0.09,3,1,1773,522," ",254.75385527777775,-22.90831861111111
1770,1784,254.19999999999996,-22.83333333333333,359.23,11.9,0.027,4,29,1778,525," ",254.95396249999996,-22.90738194444444
1773,1787,254.24999999999997,-22.666666666666664,359.39,11.96,0.09,3,29,1783,526," ",255.00306999999995,-22.740483055555554
1777,1791,254.14999999999998,-22.516666666666662,359.46,12.13,0.017,5,29,1785,563," 47",254.90219249999996,-22.59095333333333
1761,1775,253.49999999999997,-22.749999999999996,358.9,12.46,0.008,6,6,1770,519," 46",254.25312277777775,-22.827324166666664
1763,1777,253.49999999999997,-22.666666666666664,358.97,12.52,0.05,4,6,1771,518," ",254.25266527777774,-22.743991944444442
1785,1800,254.62499999999997,-22.166666666666664,0.01,11.98,0.015,3,28,1,530," ",255.37551666666664,-22.238729999999997
1787,1802,254.82499999999996,-22.15,0.14,11.84,0.016,3,27,5,532," ",255.57552499999997,-22.221123888888886
4,4,254.87499999999997,-22.13333333333333,0.18,11.82,0.004,5,27,7,533," ",255.62545833333328,-22.204222499999997
1741,1755,250.24999999999997,-21.83333333333333,357.74,15.4,0.66,4,19,1750,480," ",250.99622388888886,-21.925712777777775
1751,1765,250.49999999999997,-21.166666666666664,358.43,15.63,0.079,5,19,1759,481," ",251.24284277777775,-21.257906388888888
1768,1782,249.74999999999997,-19.666666666666664,359.2,17.12,0.047,6,48,1776,478," ",250.48456611111106,-19.76135944444444
1784,1799,250.99999999999997,-19.583333333333332,0.03,16.24,0.017,4,45,3,485," ",251.73483749999997,-19.672291111111107
31,31,251.74999999999997,-18.999999999999996,0.96,16.04,0.022,6,43,35,502," ",252.4822055555555,-19.08550222222222
8,8,250.87499999999997,-19.166666666666664,0.3,16.59,0.084,4,44,12,482," ",251.6076133333333,-19.256204444444442
22,22,250.99999999999997,-18.833333333333332,0.65,16.7,0.28,3,43,26,484," ",251.73096138888886,-18.92229944444444
1743,1757,247.24999999999997,-19.499999999999996,357.78,19.05,0.061,6,50,1751,459," ",247.9821783333333,-19.606029166666662
1781,1796,249.74999999999997,-18.999999999999996,359.75,17.53,0.344,3,48,1789,477," ",250.48114138888886,-19.094699999999996
33,33,249.62499999999997,-17.333333333333332,1.05,18.65,0.312,2,46,37,476," ",250.34763388888885,-17.428622499999996
47,47,251.74999999999997,-18.499999999999996,1.37,16.34,0.28,3,46,54,501," ",252.47962472222218,-18.585507777777774
62,62,251.74999999999997,-17.999999999999996,1.79,16.64,1.74,1,46,67,499," ",252.47705916666663,-18.08551333333333
63,63,251.74999999999997,-17.999999999999996,1.79,16.64,0.037,6,46,66,500," ",252.47705916666663,-18.08551333333333
115,115,252.74999999999997,-16.583333333333332,3.57,16.72,0.142,3,46,119,510," ",253.47028999999998,-16.664223611111108
118,118,252.99999999999997,-16.666666666666664,3.65,16.47,0.054,4,46,124,512," ",253.7208147222222,-16.7463925
122,122,253.07499999999996,-16.666666666666664,3.69,16.42,0.02,6,46,125,514," ",253.79584527777774,-16.746043333333333
129,129,253.02499999999998,-16.249999999999996,4.01,16.7,0.009,6,60,134,513," ",253.74371416666662,-16.329614166666666
132,132,252.99999999999997,-16.166666666666664,4.07,16.77,0.052,4,60,137,511," ",253.71828305555553,-16.246398055555552
146,146,253.37499999999997,-15.916666666666664,4.5,16.62,0.066,5,61,151,517," ",254.0921655555555,-15.994652777777775
110,110,251.74999999999997,-15.999999999999998,3.47,17.84,0.354,3,61,116,498," 82  81",252.46693722222219,-16.085534999999997
137,137,251.99999999999997,-15.33333333333333,4.18,18.04,0.896,4,61,141,504," ",252.71370888888885,-15.417718333333331
141,141,251.99999999999997,-15.166666666666664,4.32,18.14,0.077,5,61,146,503," ",252.71287916666662,-15.251053333333331
175,175,258.84999999999997,-18.466666666666665,5.43,10.88,0.016,5,0,180,601," ",259.5822283333333,-18.51876083333333
173,173,258.575,-18.333333333333332,5.39,11.17,0.02,6,0,178,598," 64",259.30644027777777,-18.386741388888886
286,287,259.99999999999994,-13.333333333333332,10.43,12.77,0.158,1,58,291,632," ",260.7059255555555,-13.379987222222221
288,289,269.49999999999994,-18.833333333333332,10.48,2.11,0.027,2,0,292,799," ",270.2357236111111,-18.83397333333333
287,288,268.74999999999994,-18.499999999999996,10.41,2.9,0.05,5,0,290,781," ",269.48391749999996,-18.504288611111107
297,298,268.99999999999994,-17.999999999999996,10.97,2.94,0.106,3,0,301,791," ",269.73122583333327,-18.003080277777777
284,285,268.24999999999994,-18.333333333333332,10.32,3.39,0.214,4,0,289,770," ",268.9830083333333,-18.34005361111111
292,293,268.74999999999994,-17.999999999999996,10.85,3.15,2.02,1,0,296,780," ",269.48122388888885,-18.004295
291,292,268.7,-17.999999999999996,10.82,3.19,0.05,4,0,295,777," ",269.4312233333333,-18.004538055555553
301,302,268.65,-17.666666666666664,11.09,3.4,0.04,5,0,305,775," 84A",269.37943527777776,-17.671451944444442
318,319,269.74999999999994,-16.833333333333332,12.34,2.9,0.043,1,0,322,802," ",270.47499416666665,-16.832783611111108
317,318,269.24999999999994,-16.833333333333332,12.1,3.32,0.009,4,0,321,796," ",269.97499861111106,-16.835213333333332
319,320,269.24999999999994,-16.499999999999996,12.39,3.48,1.42,2,0,323,795," ",269.9732336111111,-16.501884166666663
340,341,269.12499999999994,-14.666666666666664,13.92,4.5,0.011,4,0,343,793," ",269.8386308333333,-14.66918111111111
332,333,271.99999999999994,-16.833333333333332,13.39,1.03,0.498,1,0,337,868," ",272.72489444444443,-16.821853055555554
356,357,273.24999999999994,-15.749999999999998,14.92,0.5,0.151,1,0,360,908," ",273.96908055555554,-15.732467499999998
347,348,271.74999999999994,-15.666666666666664,14.3,1.81,0.027,2,0,351,858," ",272.4687652777777,-15.656414999999997
346,347,271.24999999999994,-15.499999999999998,14.21,2.31,0.19,2,0,350,841," ",271.9679208333333,-15.492178888888887
373,375,271.49999999999994,-12.999999999999998,16.51,3.32,0.118,4,0,377,848," ",272.2049805555555,-12.990995277777776
304,305,266.74999999999994,-16.249999999999996,11.39,5.68,4.17,2,0,308,745," ",267.47184361111107,-16.264030555555554
311,312,266.99999999999994,-15.999999999999998,11.73,5.6,2.61,1,0,316,749," ",267.72054249999997,-16.012819999999998
324,325,267.74999999999994,-14.999999999999998,12.96,5.49,0.9,3,0,328,762," ",268.46534361111105,-15.009190555555554
336,337,268.74999999999994,-14.849999999999998,13.58,4.73,0.022,4,0,340,779," ",269.4645822222222,-14.854334166666664
339,340,268.99999999999994,-14.599999999999998,13.92,4.64,0.035,3,0,344,790," ",269.71328472222217,-14.603122499999998
337,338,268.24999999999994,-14.499999999999998,13.64,5.32,0.034,4,0,341,769," ",268.9627586111111,-14.506767777777776
338,339,268.42499999999995,-14.583333333333332,13.65,5.13,0.016,4,0,342,772," ",269.1381936111111,-14.589249999999998
325,326,266.74999999999994,-14.416666666666664,12.97,6.62,0.03,4,0,329,744," ",267.462275,-14.430719444444442
329,330,266.9,-14.266666666666664,13.18,6.57,0.011,6,0,333,748,"284",267.6115066666666,-14.279993333333332
344,345,267.74999999999994,-13.666666666666664,14.12,6.16,0.24,2,0,348,761," ",268.45844416666665,-13.675873333333332
348,349,267.075,-12.999999999999998,14.37,7.06,0.011,4,0,352,751," ",267.7800027777777,-13.012492499999999
362,363,268.99999999999994,-12.999999999999998,15.31,5.44,2.19,2,0,366,789," ",269.70504027777775,-13.003141944444442
366,368,270.62499999999994,-13.166666666666664,15.95,3.98,1.55,4,0,369,826," ",271.33086888888886,-13.161910277777777
354,355,267.24999999999994,-12.666666666666664,14.74,7.08,0.075,4,0,358,753," ",267.9533066666666,-12.678313333333332
357,358,267.49999999999994,-12.499999999999998,15.01,6.95,0.75,3,0,361,755," ",268.2024647222222,-12.51043472222222
359,360,267.22499999999997,-12.249999999999998,15.09,7.31,0.009,5,0,363,752," ",267.92618416666664,-12.261773055555555
360,361,267.29999999999995,-12.166666666666664,15.2,7.29,0.012,5,0,364,754," ",268.00076277777777,-12.178076666666666
381,383,269.99999999999994,-10.999999999999998,17.54,5.57,0.754,3,0,385,812," ",270.69487222222216,-10.998306666666664
382,384,269.99999999999994,-10.749999999999998,17.76,5.69,7.16,1,0,386,811," ",270.69361277777773,-10.74830972222222
378,380,274.99999999999994,-13.999999999999998,17.27,-0.15,0.258,4,0,382,949," ",275.7098080555555,-13.974011944444442
392,394,274.74999999999994,-12.249999999999998,18.69,0.89,1.5,1,0,396,945," ",275.4509083333333,-12.225242777777776
400,402,276.74999999999994,-12.749999999999998,19.17,-1.06,0.006,5,0,404,995," ",277.45318944444443,-12.715573888888887
402,404,276.74999999999994,-12.499999999999998,19.39,-0.95,0.013,2,400,406,994," ",277.45192361111106,-12.465576944444443
397,399,275.99999999999994,-12.499999999999998,19.05,-0.3,1.05,1,0,401,979," ",276.70202722222217,-12.469196388888887
410,412,277.24999999999994,-11.999999999999998,20.06,-1.15,0.018,4,0,414,13," ",277.9493275,-11.96317361111111
404,406,275.74999999999994,-11.833333333333332,19.52,0.23,0.746,5,0,408,972," 95",276.44868888888885,-11.803745277777777
409,411,276.24999999999994,-11.499999999999998,20.05,-0.05,0.01,5,0,413,982," ",276.9469491666666,-11.468001111111109
411,413,275.95,-11.249999999999998,20.13,0.33,0.01,5,0,415,975," ",276.64572999999996,-11.219452777777777
384,386,272.49999999999994,-11.999999999999998,17.86,2.95,18.7,3,0,388,885," ",273.1998308333333,-11.986151944444442
403,405,274.99999999999994,-11.499999999999998,19.47,1.03,10.5,3,0,407,948," ",275.69709277777775,-11.474041944444442
412,414,275.37499999999994,-10.866666666666665,20.2,1.01,0.01,5,0,416,962," ",276.0688708333333,-10.838902499999998
413,415,275.49999999999994,-10.666666666666666,20.44,1.0,0.14,4,0,417,964," 96  94",276.1928561111111,-10.638300833333332
414,416,275.62499999999994,-10.666666666666666,20.49,0.89,0.005,6,0,418,968," ",276.31784277777774,-10.637696666666665
415,417,275.62499999999994,-10.633333333333331,20.52,0.9,0.003,5,0,419,967," ",276.3176761111111,-10.60436361111111
418,420,275.74999999999994,-10.333333333333332,20.85,0.94,0.01,5,0,422,971," ",276.44116361111105,-10.303763055555555
433,435,277.49999999999994,-9.999999999999998,21.95,-0.43,8.4,4,0,437,21," 97",278.18929888888886,-9.96199361111111
456,459,279.99999999999994,-9.666666666666666,23.38,-2.46,3.0,3,0,460,87," ",280.6872908333333,-9.616670277777777
443,445,278.74999999999994,-9.666666666666666,22.82,-1.37,0.086,5,0,446,56,"314",279.4374797222222,-9.622656666666666
446,448,278.49999999999994,-9.333333333333332,23.0,-0.99,0.027,4,0,450,44," ",279.1858697222222,-9.29052722222222
453,455,278.74999999999994,-9.166666666666666,23.26,-1.13,0.018,5,0,457,55," ",279.43501499999996,-9.122662499999999
421,423,276.24999999999994,-10.249999999999998,21.15,0.54,0.012,5,0,425,981," ",276.9406933333333,-10.21801611111111
425,427,275.99999999999994,-9.833333333333332,21.4,0.95,0.004,5,0,429,978," ",276.6886458333333,-9.802561388888888
441,443,277.49999999999994,-9.166666666666666,22.69,-0.04,0.045,5,0,445,20,"100 101",278.18517361111105,-9.128669999999998
448,450,277.49999999999994,-8.666666666666666,23.13,0.19,0.048,4,0,452,19," ",278.18270777777775,-8.628675833333332
444,446,276.99999999999994,-8.666666666666666,22.9,0.63,0.14,4,0,448,1," ",277.68276249999997,-8.631084166666666
460,463,277.24999999999994,-7.999999999999999,23.6,0.72,1.0,3,0,463,12," ",277.92945611111105,-7.963220833333332
416,418,272.99999999999994,-9.166666666666666,20.59,3.87,0.16,3,0,420,900," ",273.68557027777774,-9.150426388888887
406,408,271.99999999999994,-9.499999999999998,19.82,4.58,0.474,4,0,410,867," ",272.68728277777774,-9.488609166666665
395,397,269.99999999999994,-9.333333333333332,19.01,6.39,0.283,4,0,400,810," ",270.68651249999994,-9.331659722222222
422,424,272.99999999999994,-8.499999999999998,21.17,4.19,0.131,3,0,426,899," ",273.6822580555555,-8.483767777777777
417,419,272.49999999999994,-8.666666666666666,20.79,4.55,0.108,4,0,421,884," ",273.1831108333333,-8.652858333333333
420,422,272.24999999999994,-8.166666666666666,21.11,5.0,0.007,6,0,424,876," ",272.9306425,-8.154077777777777
424,426,272.2,-7.966666666666666,21.26,5.14,0.001,3,0,428,874," ",272.8796541666666,-7.954322777777777
429,431,272.74999999999994,-7.833333333333332,21.64,4.73,0.093,4,0,433,893," ",273.42896999999994,-7.818321666666666
428,430,272.24999999999994,-7.633333333333332,21.58,5.26,0.003,5,0,432,875," ",272.9280036111111,-7.620750555555555
435,437,274.37499999999994,-7.999999999999999,22.26,3.23,0.163,5,0,439,939," ",275.0546997222222,-7.977108888888888
452,454,276.49999999999994,-7.999999999999999,23.25,1.38,0.14,4,0,456,988," ",277.17952888888885,-7.96683611111111
451,453,275.49999999999994,-7.499999999999999,23.23,2.49,2.43,3,0,455,963," ",276.1771544444444,-7.471671388888888
427,429,273.49999999999994,-8.333333333333332,21.56,3.84,0.068,6,0,431,912," ",274.18140388888884,-8.314678055555554
438,440,274.24999999999994,-7.499999999999999,22.65,3.58,0.014,4,0,442,934," ",274.92724166666665,-7.477719999999999
449,451,274.74999999999994,-7.166666666666666,23.17,3.3,0.022,5,0,453,944," ",275.42556888888885,-7.141969722222221
434,436,272.99999999999994,-7.416666666666665,22.13,4.71,0.006,6,0,438,898," ",273.67690027777775,-7.400446944444443
436,438,272.87499999999994,-7.166666666666666,22.29,4.94,0.008,6,0,440,896," ",273.55067361111105,-7.151056388888888
445,447,273.24999999999994,-6.666666666666666,22.91,4.85,0.546,4,0,449,907," ",273.9231952777777,-6.649243333333333
477,481,275.74999999999994,-5.999999999999999,24.67,2.97,7.26,2,0,481,970," ",276.4197858333333,-5.970480833333332
462,466,274.24999999999994,-6.166666666666666,23.82,4.21,0.012,6,0,466,933," ",274.9206908333333,-6.144402222222221
463,467,274.075,-5.999999999999999,23.89,4.44,0.006,5,0,467,926," ",274.7448833333333,-5.978585277777777
467,471,274.24999999999994,-5.833333333333332,24.12,4.37,0.056,4,0,471,932," ",274.9190586111111,-5.811072777777777
466,470,273.99999999999994,-5.749999999999999,24.07,4.63,0.007,6,0,470,924," ",274.6686630555555,-5.728951666666666
351,352,265.74999999999994,-11.999999999999998,14.58,8.68,5.25,1,0,356,733," ",266.4498475,-12.018932777777776
365,367,266.74999999999994,-10.999999999999998,15.95,8.34,0.8,4,0,370,743," ",267.44484249999994,-11.01409361111111
380,382,266.24999999999994,-8.999999999999998,17.45,9.77,0.219,4,0,384,738," ",266.9348172222222,-9.016543055555553
390,392,267.74999999999994,-8.499999999999998,18.64,8.73,0.01,5,0,393,760," ",268.43236749999994,-8.509268055555554
323,324,259.74999999999994,-10.333333333333332,12.91,14.58,5.8,1,0,327,627," ",260.44087999999994,-10.381218611111109
391,393,265.49999999999994,-7.166666666666666,18.69,11.33,20.0,2,0,395,726," ",266.17572194444443,-7.186867499999999
398,400,268.24999999999994,-8.249999999999998,19.1,8.43,0.095,4,404,402,768," ",268.93113138888884,-8.256842222222222
430,432,268.99999999999994,-5.749999999999999,21.68,9.0,0.008,6,0,434,788," ",269.6687994444444,-5.7532274999999995
437,439,269.24999999999994,-4.999999999999999,22.47,9.14,0.181,3,0,441,794," ",269.9151211111111,-5.002021388888888
458,461,271.74999999999994,-5.166666666666666,23.52,6.87,0.117,4,0,462,857," ",272.4158925,-5.156540277777777
471,475,274.12499999999994,-5.499999999999999,24.35,4.63,0.029,4,0,475,930," ",274.7924341666666,-5.478348888888888
473,477,274.12499999999994,-5.416666666666666,24.43,4.67,0.006,3,0,477,929," ",274.79202666666663,-5.395016666666666
472,476,273.99999999999994,-5.416666666666666,24.37,4.78,0.004,3,0,476,923," ",274.66703277777776,-5.395622222222221
475,479,274.12499999999994,-5.166666666666666,24.65,4.79,0.003,5,0,479,928," ",274.79080527777774,-5.1450194444444435
478,482,274.12499999999994,-5.133333333333333,24.68,4.81,0.014,5,0,482,927," ",274.7906425,-5.111686666666666
479,483,273.74999999999994,-4.833333333333333,24.77,5.28,0.038,6,0,483,919," ",274.41419388888886,-4.8135072222222215
465,469,272.7,-5.116666666666666,24.02,6.07,0.003,5,0,469,892," ",273.3656180555555,-5.101929444444444
468,472,272.87499999999994,-4.999999999999999,24.21,5.97,0.032,4,0,472,895," ",273.54004166666664,-4.984414999999999
474,478,272.49999999999994,-4.499999999999999,24.47,6.53,0.104,4,0,478,883," ",273.1626108333333,-4.486240277777777
483,487,273.54999999999995,-4.333333333333333,25.12,5.69,0.004,4,0,487,917," ",274.21176249999996,-4.3144824999999996
484,488,273.49999999999994,-4.249999999999999,25.17,5.77,0.004,4,0,488,911," ",274.1613580555555,-4.231392499999999
439,441,270.24999999999994,-5.333333333333333,22.65,8.11,2.56,2,0,443,818," ",270.9167416666666,-5.330491666666666
459,462,270.99999999999994,-4.666666666666666,23.61,7.77,0.041,6,0,464,835," ",271.6634638888888,-4.6601888888888885
442,444,269.99999999999994,-4.999999999999999,22.83,8.48,1.03,4,0,447,809," ",270.66511249999996,-4.998376944444444
486,490,273.12499999999994,-3.8333333333333326,25.36,6.3,0.002,6,0,491,904," ",273.78434,-3.816549166666666
488,492,273.24999999999994,-3.8333333333333326,25.42,6.19,0.008,6,0,492,906," ",273.9093361111111,-3.815942777777777
489,493,272.49999999999994,-3.333333333333333,25.51,7.08,0.081,4,0,493,882," ",273.1569222222222,-3.319587222222222
419,421,267.9,-5.799999999999999,21.1,9.93,0.02,5,0,423,765," ",268.56904611111105,-5.808570833333333
440,442,268.74999999999994,-4.499999999999999,22.67,9.82,0.014,4,0,444,778," ",269.4126783333333,-4.504456388888888
423,425,266.04999999999995,-4.666666666666666,21.19,12.09,0.017,5,93,427,736," ",266.7134816666666,-4.684229722222222
426,428,266.24999999999994,-4.499999999999999,21.43,12.0,0.37,3,93,430,737," ",266.9126708333333,-4.516595
464,468,269.49999999999994,-3.4999999999999996,23.92,9.64,0.016,5,0,468,798," ",270.15778916666665,-3.5008238888888883
457,460,268.99999999999994,-3.7499999999999996,23.46,9.96,0.006,6,0,461,787," ",269.65901361111105,-3.753250555555555
482,486,270.99999999999994,-2.9999999999999996,25.09,8.56,1.53,3,0,486,834," ",271.6553308333333,-2.9935413888888887
498,502,271.22499999999997,-1.8666666666666665,26.21,8.9,0.005,6,0,502,840," ",271.87481166666663,-1.859128333333333
591,595,295.74999999999994,-7.499999999999999,32.44,-15.4,0.052,3,102,595,344," ",296.4234058333333,-7.377564999999999
450,452,283.49999999999994,-11.666666666666664,23.17,-6.43,1.27,3,4,454,152," ",284.1964141666666,-11.600020833333332
455,458,283.49999999999994,-11.499999999999998,23.32,-6.36,1.27,3,55,458,151," ",284.19559499999997,-11.43335611111111
454,456,282.49999999999994,-10.999999999999998,23.32,-5.26,0.032,3,57,459,140,"321",283.19337249999995,-10.938089444444444
461,464,282.49999999999994,-10.666666666666666,23.62,-5.11,0.034,3,56,465,138," ",283.19173583333327,-10.604759999999999
470,474,282.24999999999994,-9.749999999999998,24.33,-4.47,1.76,1,0,474,131," ",282.9373022222222,-9.689288888888887
527,531,285.84999999999997,-6.916666666666666,28.49,-6.36,0.005,6,94,531,184,"133",286.5230119444444,-6.8390474999999995
536,540,285.84999999999997,-6.499999999999999,28.86,-6.17,0.113,3,94,540,183," ",286.5210408333333,-6.422385277777777
539,543,285.99999999999994,-6.249999999999999,29.15,-6.19,0.007,6,94,543,186,"134",286.66983611111107,-6.171688611111111
546,550,286.24999999999994,-5.833333333333332,29.64,-6.22,3.11,1,0,550,192," ",286.91783416666664,-5.7538616666666655
550,554,286.34999999999997,-5.749999999999999,29.76,-6.27,0.029,3,0,554,193," ",287.0174272222222,-5.67006361111111
619,623,297.99999999999994,-4.999999999999999,35.81,-16.27,3.19,3,0,623,372," ",298.66191249999997,-4.8678680555555545
476,480,280.49999999999994,-8.499999999999998,24.65,-2.36,0.44,1,0,480,96," ",281.18149972222216,-8.447629166666665
492,496,281.24999999999994,-7.833333333333332,25.58,-2.72,1.24,2,0,496,109,"109",281.9281472222222,-7.777395555555555
505,509,282.74999999999994,-7.366666666666665,26.68,-3.82,0.003,6,100,509,145,"118 117",283.4256688888888,-7.303614166666666
508,512,282.62499999999994,-7.166666666666666,26.8,-3.62,0.066,3,100,512,144,"116",283.2997258333333,-7.104208333333332
510,514,282.54999999999995,-6.999999999999999,26.92,-3.48,0.005,5,100,514,142,"114",283.22393527777774,-6.93789861111111
502,506,281.24999999999994,-6.916666666666666,26.4,-2.29,0.001,4,0,505,24,"105",281.9237113888889,-6.860739444444444
514,518,282.62499999999994,-6.666666666666666,27.25,-3.39,0.003,5,100,518,143,"115",283.2973236111111,-6.604213888888888
512,516,282.17499999999995,-6.666666666666666,27.04,-3.0,0.027,4,101,516,125," ",282.847385,-6.606346666666665
469,473,278.74999999999994,-7.999999999999999,24.29,-0.59,0.224,3,0,473,54," ",279.42929027777774,-7.956009444444443
480,484,279.24999999999994,-7.499999999999999,24.97,-0.8,1.87,2,0,484,68," ",279.9267894444444,-7.4536180555555545
481,485,278.49999999999994,-6.999999999999999,25.06,0.09,0.665,4,0,485,43," ",279.17443555555553,-6.95722111111111
493,497,279.12499999999994,-6.666666666666666,25.65,-0.31,0.027,6,0,497,63,"103",279.79774861111105,-6.620893333333332
494,498,279.325,-6.699999999999999,25.71,-0.5,0.004,5,0,498,73," ",279.9978894444444,-6.653268055555555
495,499,279.49999999999994,-6.499999999999999,25.97,-0.56,0.05,4,0,499,77," ",280.17190027777775,-6.452432222222221
491,495,279.04999999999995,-6.699999999999999,25.58,-0.26,0.002,6,0,495,62," ",279.7229186111111,-6.654585833333332
513,517,280.62499999999994,-5.666666666666666,27.22,-1.17,0.265,1,0,517,97," ",281.29275527777776,-5.613731944444444
520,524,280.74999999999994,-4.999999999999999,27.87,-0.97,0.59,1,0,524,99," ",281.4145361111111,-4.946476666666666
517,521,282.45,-5.966666666666666,27.79,-2.92,0.014,5,0,521,135," ",283.1189905555555,-5.905050833333332
518,522,282.24999999999994,-5.833333333333332,27.82,-2.68,0.176,4,0,522,130,"320",282.9183758333333,-5.772667222222221
538,542,284.74999999999994,-5.666666666666666,29.11,-4.82,0.075,3,97,542,167,"130",285.4172630555555,-5.594208333333333
540,544,284.72499999999997,-5.499999999999999,29.24,-4.72,0.007,5,99,544,166,"127",285.3914769444444,-5.4276608333333325
545,549,284.87499999999994,-5.333333333333333,29.46,-4.78,0.006,5,98,549,168,"129",285.5406686111111,-5.260292499999999
549,553,285.12499999999994,-5.166666666666666,29.72,-4.92,0.02,3,96,553,175," ",285.7898491666666,-5.09245611111111
548,552,285.42499999999995,-5.333333333333333,29.71,-5.26,0.032,3,95,552,178,"327",286.09059638888886,-5.257716944444444
563,567,285.37499999999994,-4.55,30.39,-4.86,0.024,6,0,567,177,"132 328",286.0369119444444,-4.474626388888888
542,546,283.72499999999997,-4.833333333333333,29.38,-3.53,0.007,4,0,546,156," ",284.3884372222222,-4.765704444444443
541,545,283.525,-4.833333333333333,29.29,-3.35,0.006,5,0,545,153,"122",284.18845916666663,-4.766647777777777
552,556,284.12499999999994,-4.583333333333333,29.79,-3.77,0.13,4,0,556,162,"126",284.78720861111105,-4.5138236111111105
558,562,284.99999999999994,-4.583333333333333,30.19,-4.54,0.02,5,0,562,169,"131",285.6621119444444,-4.509714999999999
519,523,281.62499999999994,-5.499999999999999,27.83,-1.98,0.061,4,0,523,114," ",282.29184888888886,-5.442304999999999
530,534,282.49999999999994,-4.999999999999999,28.67,-2.52,3.185,3,0,534,25,"111 108 119A117A323 325",283.16436277777774,-4.938158333333333
526,530,281.74999999999994,-4.833333333333333,28.48,-1.78,0.124,6,0,530,118,"107 106 110",282.4136419444444,-4.775051944444444
524,528,281.12499999999994,-4.833333333333333,28.19,-1.23,0.267,3,0,528,108," ",281.7887011111111,-4.7780249999999995
523,527,280.95,-4.833333333333333,28.11,-1.07,0.005,4,0,527,101," ",281.6137172222222,-4.778858611111111
528,532,281.12499999999994,-4.416666666666666,28.56,-1.03,0.016,5,0,532,107,"104",281.78670416666665,-4.361363055555555
543,547,281.99999999999994,-3.916666666666666,29.41,-1.58,2.3,4,0,547,121," ",282.65924111111104,-3.857208333333333
547,551,283.79999999999995,-4.499999999999999,29.71,-3.44,0.002,5,0,551,160,"123",284.4618480555555,-4.432021388888888
557,561,283.74999999999994,-3.9999999999999996,30.13,-3.17,1.55,2,0,561,157,"121 120 119",284.4094838888889,-3.932262777777777
564,568,284.2,-3.8333333333333326,30.49,-3.49,0.01,3,0,568,163,"324",284.85865388888885,-3.763479166666666
561,565,283.24999999999994,-3.5833333333333326,30.28,-2.53,1.37,2,0,564,147," ",283.9075533333333,-3.517959722222222
490,494,278.575,-6.499999999999999,25.54,0.25,0.011,4,0,494,48," ",279.24699416666664,-6.456866666666666
511,515,278.74999999999994,-4.999999999999999,26.95,0.8,8.44,3,0,515,53," ",279.4147069444444,-4.956044166666666
521,525,278.99999999999994,-3.9999999999999996,27.95,1.04,2.16,2,0,525,60," ",279.6598630555555,-3.9548566666666662
485,489,276.49999999999994,-5.666666666666666,25.32,2.47,0.238,3,0,489,987," ",277.1681091666666,-5.6335299999999995
487,491,276.24999999999994,-5.499999999999999,25.35,2.77,0.262,3,0,490,980," ",276.91731416666664,-5.468071944444444
499,503,276.62499999999994,-4.666666666666666,26.26,2.83,0.008,6,0,503,992," ",277.2882380555555,-4.63293861111111
525,529,280.74999999999994,-4.499999999999999,28.32,-0.74,0.258,2,0,529,98," ",281.4121355555555,-4.446482499999999
544,548,281.74999999999994,-3.7499999999999996,29.44,-1.28,1.0,5,0,548,117,"113",282.4084658333333,-3.6917308333333327
562,566,281.99999999999994,-2.833333333333333,30.37,-1.08,0.05,5,0,566,120," ",282.6540808333333,-2.7738874999999994
575,579,283.24999999999994,-2.4999999999999996,31.24,-2.04,1.71,3,0,579,146," ",283.9024222222222,-2.4346386111111107
578,582,282.49999999999994,-1.9999999999999998,31.34,-1.14,0.283,5,0,582,137," ",283.15009416666663,-1.938192222222222
531,535,278.62499999999994,-2.9333333333333327,28.73,1.86,0.029,1,0,535,49," ",279.27974888888883,-2.890001111111111
551,555,279.72499999999997,-2.333333333333333,29.77,1.17,0.008,4,0,555,80,"316",280.3768147222222,-2.2847363888888887
556,560,279.74999999999994,-1.9999999999999998,30.07,1.3,0.043,3,0,560,81," ",280.4002166666666,-1.9512874999999996
534,538,278.49999999999994,-2.833333333333333,28.76,2.02,0.133,4,0,537,42," ",279.15427388888884,-2.7906024999999994
537,541,278.42499999999995,-2.4999999999999996,29.02,2.24,0.043,4,0,541,40," ",279.0776730555555,-2.4576330555555552
532,536,277.99999999999994,-2.583333333333333,28.75,2.58,0.253,3,0,536,29," ",278.6530927777777,-2.5430077777777775
553,557,278.99999999999994,-1.833333333333333,29.88,2.04,0.181,6,0,557,59," ",279.64944638888886,-1.788214722222222
554,558,278.74999999999994,-1.6666666666666663,29.91,2.34,0.432,3,0,558,52," ",279.39865499999996,-1.6227491666666665
559,563,279.24999999999994,-1.583333333333333,30.21,1.93,2.5,1,0,563,67," ",279.89823833333327,-1.5370194444444443
603,607,281.37499999999994,-0.7499999999999999,33.26,1.12,0.147,2,0,607,112," ",282.01919555555554,-0.6935480555555554
570,574,286.12499999999994,-4.499999999999999,30.77,-5.5,0.061,4,0,574,190," ",286.7865897222222,-4.421125277777778
576,580,286.49999999999994,-4.166666666666666,31.24,-5.68,0.041,4,0,580,194," ",287.1599858333333,-4.086049722222222
577,581,286.2,-3.9999999999999996,31.26,-5.34,0.072,6,0,581,191,"136 135",286.85923888888885,-3.9207813888888885
573,577,285.74999999999994,-3.9999999999999996,31.05,-4.94,0.784,3,0,577,179," ",286.40928638888886,-3.9228799999999997
586,590,285.99999999999994,-3.083333333333333,31.98,-4.75,10.0,2,0,590,185,"326",286.6549697222222,-3.005056944444444
590,594,284.49999999999994,-1.833333333333333,32.41,-2.84,0.005,3,0,594,165," ",285.1492083333333,-1.7620913888888885
611,615,289.24999999999994,-2.1666666666666665,34.3,-7.21,1.35,3,0,615,224," ",289.9004705555555,-2.073379444444444
615,619,288.87499999999994,-1.5499999999999998,34.68,-6.59,0.016,5,0,619,219,"139",289.5226644444444,-1.4584380555555554
616,620,289.49999999999994,-1.2499999999999998,35.23,-7.01,0.018,3,0,620,235," ",290.14625916666665,-1.1555788888888887
614,618,288.24999999999994,-1.333333333333333,34.58,-5.94,0.018,3,0,617,26,"137",288.89669861111105,-1.244647222222222
618,622,287.24999999999994,-0.41666666666666663,35.68,-4.25,0.297,3,0,622,200," ",287.8924961111111,-0.3326097222222222
623,627,287.87499999999994,0.7499999999999999,36.26,-4.65,2.99,2,0,627,210,"138",288.5120975,0.8369344444444443
625,629,288.74999999999994,0.9999999999999999,36.89,-5.3,0.392,3,0,629,218," ",289.3859583333333,1.0909605555555555
628,632,289.49999999999994,1.4999999999999998,37.69,-5.74,0.765,1,0,632,236,"141",290.13368555555553,1.5943916666666664
580,584,283.49999999999994,-2.333333333333333,31.5,-2.18,0.077,4,0,584,150," ",284.1516194444444,-2.266793611111111
585,589,282.49999999999994,-1.4999999999999998,31.78,-0.91,1.68,2,0,589,136," ",283.1477230555555,-1.4381977777777777
608,612,283.34999999999997,-0.49999999999999994,33.95,-0.75,0.003,4,0,612,149," ",283.9929663888889,-0.43418888888888885
609,613,283.54999999999995,-0.41666666666666663,33.97,-0.96,0.007,5,0,614,154," ",284.1925691666666,-0.34991249999999996
610,614,283.54999999999995,-0.41666666666666663,33.97,-0.96,0.032,4,0,613,155," ",284.1925691666666,-0.34991249999999996
607,611,283.275,-0.33333333333333326,33.77,-0.76,0.015,5,0,611,148," ",283.9171808333333,-0.2678783333333333
606,610,281.74999999999994,-0.9166666666666665,33.58,0.87,0.129,2,0,610,116," ",282.39497888888883,-0.8584297222222221
605,609,282.24999999999994,-0.5833333333333333,33.52,0.27,0.003,4,0,609,129," ",282.8933838888889,-0.5227266666666666
604,608,282.24999999999994,-0.49999999999999994,33.44,0.23,0.004,4,0,608,128," ",282.8929886111111,-0.4393941666666666
602,606,282.24999999999994,-0.24999999999999997,33.22,0.12,0.002,4,0,606,127," ",282.8918030555555,-0.1893969444444444
598,602,282.24999999999994,-0.1333333333333333,33.12,0.06,0.003,4,0,602,126," ",282.8912497222222,-0.07273166666666665
595,599,282.24999999999994,0.08333333333333331,33.07,0.04,0.022,4,0,599,133," ",282.8902222222222,0.1439325
592,596,281.4,0.16666666666666663,32.76,0.83,0.061,4,0,596,113," ",282.0398336111111,0.2232272222222222
593,597,282.04999999999995,0.016666666666666663,32.92,0.19,0.018,5,0,597,124," ",282.6905405555555,0.07631777777777776
600,604,282.24999999999994,0.16666666666666663,33.15,0.08,0.152,5,0,604,134," ",282.8898269444444,0.22726499999999997
613,617,283.74999999999994,0.9999999999999999,34.58,-0.87,0.745,5,0,618,158," ",284.3858877777777,1.0676813888888887
620,624,285.74999999999994,1.4999999999999998,35.94,-2.41,0.486,1,0,624,180," ",286.38357527777777,1.5770594444444441
621,625,285.99999999999994,1.4999999999999998,36.06,-2.64,0.002,3,0,625,187," ",286.6335816666666,1.578225833333333
622,626,285.99999999999994,1.583333333333333,36.13,-2.6,0.003,3,0,626,188," ",286.63319277777777,1.661558333333333
627,631,287.49999999999994,2.4999999999999996,37.64,-3.5,0.02,2,0,631,201,"329",288.1289905555555,2.5851824999999997
631,635,286.74999999999994,4.05,38.67,-2.12,0.001,5,0,635,196," ",287.37172555555554,4.131688611111111
507,511,275.74999999999994,-3.666666666666666,26.74,4.06,0.812,3,0,511,969," ",276.40842999999995,-3.637174444444444
501,505,274.24999999999994,-3.2499999999999996,26.41,5.58,0.007,5,0,507,931," ",274.90646499999997,-3.227769444444444
522,526,275.99999999999994,-2.333333333333333,28.04,4.46,0.905,3,0,526,977," ",276.65196166666664,-2.3026488888888887
497,501,273.74999999999994,-3.333333333333333,26.1,5.98,0.022,5,0,501,918," ",274.40688638888884,-3.313524444444444
496,500,273.49999999999994,-3.333333333333333,25.98,6.2,0.004,5,0,500,910," ",274.15689416666663,-3.3147363888888886
500,504,273.99999999999994,-3.166666666666666,26.36,5.84,0.002,5,0,504,922," ",274.6560683333333,-3.145648333333333
516,520,274.74999999999994,-2.333333333333333,27.46,5.57,0.097,5,0,520,943," ",275.4020005555555,-2.3086925
503,507,273.09999999999997,-2.633333333333333,26.41,6.89,0.016,5,0,506,903," ",273.75350166666664,-2.6166841666666665
506,510,272.99999999999994,-2.2499999999999996,26.71,7.15,0.05,5,0,510,897," ",273.6516411111111,-2.2338402777777775
529,533,275.24999999999994,-1.333333333333333,28.58,5.59,0.022,4,0,533,957," ",275.8971444444444,-1.3062849999999997
535,539,275.34999999999997,-1.0999999999999999,28.83,5.61,0.022,6,0,539,961," ",275.9960136111111,-1.0724708333333333
533,537,274.99999999999994,-0.9999999999999999,28.76,5.97,0.534,1,0,538,947," ",275.6455366666666,-0.9741647222222221
560,564,278.74999999999994,-1.2499999999999998,30.28,2.53,0.208,5,0,565,51," ",279.3966544444444,-1.206087222222222
587,591,278.49999999999994,-0.8333333333333333,32.01,3.71,0.33,3,0,591,41," ",279.14466,-0.7906252777777777
555,559,277.49999999999994,-0.9999999999999999,29.92,3.75,17.0,4,0,559,18," ",278.1454841666666,-0.9620980555555554
589,593,279.24999999999994,-0.6666666666666665,32.21,2.97,0.462,3,0,593,66," ",279.8938444444444,-0.6203630555555555
584,588,278.37499999999994,-0.49999999999999994,31.66,3.67,0.034,6,0,588,39," ",279.01806166666665,-0.45789611111111106
582,586,279.12499999999994,0.0,31.56,2.77,0.034,3,0,586,64," ",279.76565166666666,0.045696944444444436
583,587,279.24999999999994,0.0,31.62,2.66,0.093,5,0,587,71," ",279.89065027777775,0.04629583333333333
571,575,276.37499999999994,-0.6666666666666665,30.88,5.52,0.078,3,0,575,985," ",277.0189,-0.6341908333333333
566,570,275.99999999999994,-0.49999999999999994,30.56,5.78,0.066,6,0,570,976," ",276.6431016666666,-0.4693366666666666
569,573,276.49999999999994,-0.41666666666666663,30.72,5.3,0.026,3,0,573,986," ",277.14269138888886,-0.3835905555555555
574,578,277.15,-0.5333333333333332,31.12,4.77,0.008,5,0,578,10," ",277.7932433333333,-0.49712222222222213
572,576,277.22499999999997,-0.41666666666666663,31.05,4.65,0.005,5,0,576,11," ",277.86767999999995,-0.3800955555555555
567,571,276.99999999999994,0.0,30.58,4.66,0.142,3,0,572,7," ",277.64067527777775,0.03548222222222222
568,572,276.99999999999994,0.0,30.58,4.66,14.0,4,0,571,8," ",277.64067527777775,0.03548222222222222
579,583,277.74999999999994,0.5833333333333333,31.44,4.26,0.084,5,0,583,28," ",278.3878605555555,0.6224202777777776
504,508,271.74999999999994,-1.6666666666666663,26.63,8.53,0.036,3,0,508,856," ",272.3988308333333,-1.6565808333333332
509,513,271.99999999999994,-1.5666666666666664,26.84,8.36,0.127,6,0,513,866," ",272.6483408333333,-1.5553680555555554
515,519,272.49999999999994,-1.1666666666666665,27.44,8.1,0.138,4,0,519,881," ",273.1463897222222,-1.1529455555555554
565,569,273.99999999999994,1.4999999999999998,30.52,8.01,31.0,2,0,569,925," ",274.63343999999995,1.5209644444444441
581,585,275.24999999999994,1.9999999999999998,31.55,7.13,1.32,1,0,585,960," ",275.88101888888883,2.0270099999999998
588,592,276.49999999999994,1.9999999999999998,32.13,6.02,0.011,4,0,592,991," ",277.13102749999996,2.0330480555555552
596,600,276.99999999999994,2.833333333333333,33.11,5.96,0.029,4,0,601,9," ",277.62700888888884,2.8687830555555554
594,598,281.04999999999995,0.6666666666666665,33.04,1.37,0.001,5,0,598,104," ",281.6874544444444,0.7215552777777777
597,601,281.04999999999995,0.7499999999999999,33.11,1.41,0.001,5,0,600,105," ",281.68705722222217,0.8048877777777776
599,603,280.95,0.8333333333333333,33.14,1.54,0.004,6,0,603,102," ",281.58665999999994,0.887743611111111
601,605,281.04999999999995,0.8333333333333333,33.19,1.45,0.002,5,0,605,106," ",281.6866602777777,0.8882199999999999
612,616,281.24999999999994,1.9999999999999998,34.32,1.81,2.39,2,0,616,110," ",281.8811033333333,2.055825833333333
617,621,281.24999999999994,3.166666666666666,35.35,2.34,45.0,3,0,621,111," ",281.87553777777777,3.222479444444444
624,628,283.99999999999994,3.3666666666666663,36.79,0.0,2.0,4,0,628,161," ",284.6247291666666,3.4354991666666663
632,636,285.99999999999994,4.583333333333333,38.79,-1.21,0.22,5,0,636,189," ",286.61915722222216,4.661525277777777
626,630,279.12499999999994,5.999999999999999,36.91,5.52,0.301,1,118,630,65," ",279.73678499999994,6.045628055555555
634,638,281.99999999999994,7.249999999999999,39.33,3.55,20.0,2,0,638,123," ",282.6060144444444,7.309331666666666
629,633,279.62499999999994,6.999999999999999,38.03,5.53,0.075,2,119,633,78," ",280.2319733333333,7.048011388888888
630,634,279.74999999999994,7.499999999999999,38.53,5.65,0.059,2,120,634,84," ",280.3545536111111,7.54860361111111
633,637,279.74999999999994,8.166666666666666,39.13,5.95,0.03,3,121,637,85," ",280.3513030555555,8.2152625
636,640,289.99999999999994,3.9999999999999996,40.14,-5.01,1.62,1,0,640,251," ",290.62228138888884,4.096647222222222
639,643,290.4,4.7333333333333325,40.98,-5.02,0.015,5,0,643,261," ",291.0189722222222,4.831793055555555
637,641,288.49999999999994,4.999999999999999,40.32,-3.22,0.38,1,0,641,216," ",289.11749611111105,5.089768333333333
635,639,287.49999999999994,4.999999999999999,39.86,-2.34,1.37,2,0,639,202," ",288.1173722222222,5.085154999999999
638,642,289.24999999999994,4.999999999999999,40.68,-3.88,0.554,3,0,642,225,"140",289.8675936111111,5.093210277777777
640,644,289.24999999999994,6.499999999999999,42.0,-3.18,2.34,2,0,644,226," ",289.8606541666666,6.593194166666666
659,663,293.62499999999994,7.449999999999999,44.91,-6.54,0.005,6,126,663,305,"335",294.23222805555554,7.562926666666666
650,654,291.74999999999994,6.999999999999999,43.62,-5.13,4.56,1,0,654,282,"331 332",292.3588386111111,7.104544166666666
668,672,296.24999999999994,6.999999999999999,45.79,-9.04,0.687,1,122,672,351," ",296.8599063888889,7.124468333333333
664,668,295.24999999999994,7.249999999999999,45.53,-8.05,0.037,3,123,668,332,"338",295.85853861111104,7.370100277777777
666,670,294.99999999999994,7.499999999999999,45.62,-7.71,0.168,2,123,670,327," ",295.60735722222216,7.619000555555554
676,680,295.57499999999993,8.516666666666666,46.8,-7.71,0.007,5,124,680,342," ",296.1779769444444,8.638176944444444
674,678,295.49999999999994,8.499999999999998,46.75,-7.66,0.05,4,124,679,335," ",296.10302833333327,8.62118222222222
677,681,295.49999999999994,8.666666666666666,46.9,-7.57,0.066,2,124,681,336,"339",296.1022822222222,8.78784722222222
667,671,293.74999999999994,8.333333333333332,45.75,-6.23,0.102,2,125,671,294," ",294.3532630555555,8.446805555555555
685,689,294.49999999999994,10.166666666666666,47.73,-5.98,0.057,4,130,689,318," ",295.0951716666666,10.283438333333331
686,690,294.57499999999993,10.216666666666665,47.81,-6.02,0.035,3,130,690,322," ",295.16997111111107,10.33376861111111
691,695,295.49999999999994,10.333333333333332,48.36,-6.76,0.351,1,130,695,337," ",296.0947827777777,10.454496944444443
683,687,294.04999999999995,10.299999999999999,47.63,-5.53,0.006,5,130,687,313," ",294.6444027777777,10.414781388888887
684,688,294.09999999999997,10.366666666666665,47.71,-5.54,0.016,5,130,688,315,"142",294.6941155555555,10.481668888888887
690,694,294.57499999999993,10.833333333333332,48.35,-5.72,0.109,6,130,694,323,"143",295.16715722222216,10.950428888888887
696,700,294.72499999999997,11.133333333333331,48.68,-5.7,0.005,4,131,700,324," ",295.3158433333333,11.251086666666666
699,703,296.29999999999995,10.716666666666665,49.09,-7.25,0.02,2,129,703,356," ",296.89336555555553,10.84131472222222
703,707,296.57499999999993,11.333333333333332,49.76,-7.18,0.024,5,128,707,360,"340",297.16570111111105,11.45916861111111
642,646,287.99999999999994,7.999999999999999,42.75,-1.38,2.52,2,0,646,211," ",288.60340749999995,8.087431944444443
641,645,289.24999999999994,7.249999999999999,42.66,-2.82,5.0,1,0,645,227," ",289.8571691666666,7.343185833333332
643,647,289.37499999999994,7.416666666666665,42.87,-2.85,0.206,4,0,647,231,"330",289.9814183333333,7.510423055555554
647,651,289.24999999999994,7.999999999999999,43.33,-2.47,0.025,4,0,651,228," ",289.85367249999996,8.093177777777777
651,655,289.47499999999997,8.45,43.83,-2.45,0.02,5,0,655,234," ",290.0766205555555,8.544202499999999
652,656,289.72499999999997,8.366666666666665,43.87,-2.71,0.001,5,0,656,242," ",290.3270686111111,8.46201222222222
653,657,289.74999999999994,8.799999999999999,44.27,-2.53,0.075,5,0,657,244," ",290.3500508333333,8.895454999999998
648,652,288.99999999999994,8.333333333333332,43.5,-2.09,0.217,2,0,652,220," ",289.60205749999994,8.425361666666666
654,658,289.62499999999994,8.999999999999998,44.38,-2.33,0.016,4,146,658,238," ",290.2240836111111,9.094881944444444
657,661,289.84999999999997,8.999999999999998,44.49,-2.52,0.008,4,145,661,249," ",290.4491405555555,9.095909166666665
660,664,289.62499999999994,9.666666666666666,44.97,-2.01,0.183,4,0,664,239," ",290.2209547222222,9.761541388888887
645,649,287.49999999999994,8.583333333333332,43.03,-0.67,23.0,2,0,649,203," ",288.10054999999994,8.668448888888888
669,673,289.62499999999994,11.166666666666664,46.29,-1.3,0.199,6,0,673,240," ",290.2138672222222,11.261524722222221
675,679,287.74999999999994,12.666666666666664,46.75,1.03,0.936,3,0,678,209," ",288.3310586111111,12.752891944444443
663,667,285.74999999999994,11.999999999999998,45.25,2.45,2.63,3,0,667,181," ",286.3337027777777,12.076941388888887
665,669,284.99999999999994,12.749999999999998,45.58,3.44,1.28,4,0,669,170,"128",285.5798155555555,12.82342333333333
670,674,291.49999999999994,10.333333333333332,46.44,-3.32,0.458,1,140,674,275," ",292.0933872222222,10.43671472222222
678,682,291.62499999999994,10.833333333333332,46.94,-3.18,0.052,3,139,683,281,"333",292.2160936111111,10.937273055555554
681,685,291.87499999999994,11.333333333333332,47.49,-3.16,0.037,2,138,685,287," ",292.46384138888885,11.43839361111111
698,702,293.525,12.166666666666664,49.01,-4.17,0.005,5,133,702,304,"336",294.1105877777777,12.279099166666665
697,701,293.15,12.166666666666664,48.83,-3.85,0.016,4,134,701,299,"334",293.7354333333333,12.277429444444442
701,705,293.62499999999994,12.333333333333332,49.2,-4.17,0.086,4,132,705,306,"337",294.20985361111104,12.446208333333331
671,675,290.4,10.999999999999998,46.51,-2.05,0.003,6,0,675,262," ",290.98990499999996,11.098391944444442
673,677,289.99999999999994,11.466666666666665,46.73,-1.48,0.006,6,0,677,252," ",290.58756472222217,11.563232777777776
687,691,291.74999999999994,11.833333333333332,47.87,-2.81,0.063,2,137,691,283," ",292.33644888888887,11.937825277777776
672,676,289.79999999999995,11.416666666666664,46.6,-1.33,0.006,6,0,676,248," ",290.38773638888887,11.51232111111111
679,683,289.74999999999994,11.833333333333332,46.94,-1.09,0.104,3,0,682,245," ",290.3357366666666,11.928754999999999
680,684,289.87499999999994,12.333333333333332,47.44,-0.96,0.185,5,0,684,250," ",290.45839277777776,12.429319722222221
682,686,290.24999999999994,12.333333333333332,47.61,-1.28,0.009,4,0,686,258," ",290.83352777777776,12.431028333333332
692,696,291.74999999999994,12.499999999999998,48.46,-2.49,0.019,2,136,696,284," ",292.33330499999994,12.604484722222221
695,699,291.74999999999994,12.666666666666664,48.61,-2.41,0.02,2,135,699,285," ",292.3325166666666,12.771149722222221
694,698,290.94999999999993,12.999999999999998,48.52,-1.57,0.012,6,0,698,269," ",291.53061305555553,13.100865555555554
700,704,291.12499999999994,13.666666666666664,49.19,-1.4,0.097,6,0,704,270," ",291.7024958333333,13.768316944444443
716,720,293.74999999999994,15.33333333333333,51.88,-2.81,7.0,2,0,720,307," ",294.3207733333333,15.446730833333332
688,692,289.99999999999994,12.833333333333332,47.94,-0.83,0.05,4,0,692,253," ",290.58104416666663,12.929884166666666
689,693,286.99999999999994,14.416666666666664,47.96,2.49,17.0,2,0,693,198," ",287.5722230555555,14.499398888888887
717,721,292.24999999999994,16.583333333333332,52.27,-0.94,19.0,3,0,721,290," ",292.8139233333333,16.690021111111108
727,731,293.99999999999994,17.499999999999996,53.89,-1.95,0.27,4,0,731,312," ",294.5604683333333,17.614482222222218
712,716,290.24999999999994,16.999999999999996,51.72,0.94,14.0,4,0,716,259," ",290.81081027777776,17.097641944444444
723,727,292.24999999999994,18.166666666666664,53.65,-0.17,0.018,4,0,727,291," ",292.80611472222216,18.273336388888886
721,725,291.49999999999994,18.066666666666663,53.22,0.4,0.005,5,0,725,276," ",292.0561708333333,18.169961666666666
1756,1770,247.49999999999997,-18.499999999999996,358.75,19.5,0.813,3,50,1764,461," ",248.22729916666663,-18.60491472222222
1767,1781,246.24999999999997,-16.999999999999996,359.18,21.38,1.19,3,49,1774,450,"230",246.9691394444444,-17.110532777777774
1,1,246.49999999999997,-15.999999999999998,0.18,21.82,0.054,3,49,8,452," ",247.21441944444442,-16.10942638888889
43,43,247.89999999999998,-15.73333333333333,1.31,20.94,0.07,6,47,49,464," ",248.61385111111107,-15.836472777777775
27,27,246.24999999999997,-14.999999999999998,0.85,22.64,3.46,1,49,32,449," ",246.95947666666663,-15.110552499999997
152,152,251.74999999999997,-14.499999999999998,4.74,18.72,1.04,3,61,157,497," ",252.45947999999996,-14.58555083333333
163,163,251.74999999999997,-14.249999999999998,4.95,18.87,0.032,2,61,167,496," ",252.45824722222218,-14.33555361111111
162,162,251.57499999999996,-14.166666666666664,4.92,19.06,0.124,6,61,166,495," ",252.28277222222218,-14.253030277777777
158,158,251.24999999999997,-13.999999999999998,4.86,19.41,0.056,6,61,165,490," ",251.9568330555555,-14.087865555555554
148,148,250.89999999999998,-14.083333333333332,4.58,19.64,0.012,5,61,153,483," ",251.60710888888886,-14.172810555555554
83,83,247.87499999999997,-14.166666666666664,2.62,21.92,0.056,5,64,88,463," ",248.5812583333333,-14.26993472222222
98,98,248.24999999999997,-13.849999999999998,3.13,21.83,0.011,4,63,105,468," ",248.95490138888886,-13.951576388888887
106,106,248.47499999999997,-13.849999999999998,3.27,21.66,0.001,5,66,112,471," ",249.17999749999996,-13.950557499999999
105,105,248.39999999999998,-13.849999999999998,3.22,21.72,0.001,5,65,109,470," ",249.1049655555555,-13.95089722222222
121,121,249.24999999999997,-13.916666666666664,3.7,21.02,0.017,5,62,126,474," ",249.95564277777774,-14.013701666666664
145,145,248.12499999999997,-12.166666666666664,4.49,22.95,0.145,1,68,150,466," ",248.82182638888887,-12.268824999999998
156,156,248.62499999999997,-12.166666666666664,4.81,22.56,0.127,1,67,161,472," ",249.32201249999997,-12.266560555555554
189,190,251.37499999999997,-12.833333333333332,5.94,20.0,0.022,4,59,193,491," ",252.07618638888886,-12.920634444444442
190,191,251.24999999999997,-12.666666666666664,6.01,20.2,0.158,5,59,196,489," ",251.9503358333333,-12.75454611111111
203,204,251.24999999999997,-11.999999999999998,6.59,20.58,0.167,6,59,207,488," ",251.9471133333333,-12.087886388888887
243,244,252.24999999999997,-11.166666666666664,7.92,20.27,0.086,4,59,247,506," ",252.9433933333333,-11.249936944444443
233,234,251.49999999999997,-10.999999999999998,7.61,20.96,1.41,3,59,240,492," ",252.1923808333333,-11.086742777777776
277,278,253.99999999999997,-10.166666666666666,9.83,19.41,1.15,3,59,282,521," ",254.6890072222222,-10.241794166666665
279,280,253.99999999999997,-9.999999999999998,9.98,19.51,0.251,4,59,285,520," ",254.68820249999996,-10.075129166666665
298,299,254.49999999999997,-9.166666666666666,11.0,19.56,0.208,2,59,302,529," ",255.18428999999998,-9.239461944444443
316,317,254.49999999999997,-7.999999999999999,12.04,20.2,1.6,4,88,320,528," ",255.17869166666662,-8.0728075
254,255,251.24999999999997,-9.833333333333332,8.48,21.84,0.032,6,59,259,487," ",251.93674555555552,-9.921241666666665
259,260,251.24999999999997,-9.499999999999998,8.78,22.03,0.074,6,59,263,486," ",251.9351633333333,-9.587911666666665
237,238,248.24999999999997,-8.666666666666666,7.66,24.93,0.054,3,87,241,467," ",248.93048999999996,-8.76829361111111
369,371,258.74999999999994,-5.999999999999999,16.2,17.7,1.02,2,90,373,600," ",259.4196138888889,-6.052712777777777
371,373,260.74999999999994,-6.999999999999999,16.38,15.48,0.395,1,89,375,650," ",261.42463222222216,-7.043128333333333
385,387,258.99999999999994,-3.9999999999999996,18.14,18.51,0.548,2,91,389,606," ",259.6600094444444,-4.051541111111111
389,391,258.24999999999994,-2.9999999999999996,18.65,19.67,0.393,3,92,394,586," ",258.9051869444444,-3.0551288888888886
1766,1780,234.49999999999997,-6.999999999999999,359.23,36.6,0.197,4,86,1777,430," ",235.16900027777774,-7.160344444444443
1764,1778,234.29999999999995,-6.999999999999999,359.06,36.75,0.086,5,86,1772,429," ",234.96893194444442,-7.161138333333333
134,134,237.74999999999997,-4.499999999999999,4.18,35.75,0.22,5,85,142,432," ",238.4096386111111,-4.647199722222221
169,169,237.49999999999997,-3.166666666666666,5.28,36.77,0.86,4,85,175,431," ",238.1540786111111,-3.3149061111111107
183,183,237.82499999999996,-2.9999999999999996,5.7,36.62,0.24,5,85,188,434," ",238.4784333333333,-3.1469013888888884
644,648,279.24999999999994,12.666666666666664,42.96,8.41,0.011,6,141,648,72," ",279.82894138888884,12.712815277777777
646,650,279.37499999999994,12.999999999999998,43.32,8.45,0.05,4,141,650,75," ",279.9522827777777,13.046743333333332
649,653,279.99999999999994,12.999999999999998,43.59,7.9,0.643,2,141,653,94," ",280.5773969444444,13.049734444444443
658,662,283.74999999999994,12.333333333333332,44.65,4.34,0.416,1,0,662,159," ",284.3315433333333,12.400885555555554
655,659,279.74999999999994,13.999999999999998,44.39,8.56,1.46,3,141,659,86," ",280.32228861111105,14.048526666666664
656,660,278.74999999999994,14.499999999999998,44.41,9.65,2.28,1,141,660,57," ",279.31954499999995,14.54372861111111
661,665,279.37499999999994,14.833333333333332,44.99,9.26,0.077,3,141,665,76," ",279.94295861111107,14.880054444444442
662,666,279.62499999999994,14.999999999999998,45.25,9.11,0.131,4,141,666,79," ",280.1921558333333,15.047916111111109
705,709,287.99999999999994,16.333333333333332,50.11,2.53,0.002,6,0,709,212," ",288.5630763888889,16.420670555555553
709,713,287.49999999999994,16.999999999999996,50.48,3.26,4.0,3,0,713,204," ",288.05949805555554,17.085018888888886
710,714,287.49999999999994,17.833333333333332,51.22,3.65,0.009,4,0,714,205," ",288.05526027777773,17.91834222222222
693,697,284.99999999999994,15.999999999999998,48.48,4.93,0.561,2,0,697,171," ",285.56356999999997,16.073385
704,708,284.99999999999994,17.499999999999996,49.82,5.61,0.02,3,0,708,172," ",285.55589805555553,17.573366666666665
706,710,284.99999999999994,17.999999999999996,50.27,5.84,0.045,3,0,710,173," ",285.55331277777776,18.073360555555553
707,711,284.99999999999994,17.999999999999996,50.27,5.84,6.0,1,0,711,174," ",285.55331277777776,18.073360555555553
713,717,288.49999999999994,17.916666666666664,51.73,2.84,0.147,5,0,717,217," ",289.05531638888885,18.006288888888886
719,723,288.99999999999994,19.13333333333333,53.03,3.0,0.01,5,0,723,221," ",289.54935583333327,19.225238055555554
718,722,290.49999999999994,18.333333333333332,53.0,1.37,0.023,5,0,722,263," ",291.0542619444444,18.432096666666663
735,739,290.49999999999994,20.499999999999996,54.91,2.4,0.384,3,0,739,264," ",291.04318499999994,20.5987375
714,718,287.49999999999994,18.499999999999996,51.81,3.96,0.524,4,0,718,206," ",288.0518413888889,18.585000833333332
720,724,287.49999999999994,19.999999999999996,53.14,4.65,6.0,2,0,724,207," ",288.0440483333333,20.0849825
726,730,289.49999999999994,19.833333333333332,53.87,2.91,0.023,5,0,730,237," ",290.0460280555555,19.927519999999998
728,732,289.37499999999994,20.083333333333332,54.04,3.13,0.018,5,0,732,232," ",289.9196597222222,20.176944999999996
731,735,289.99999999999994,20.333333333333332,54.54,2.73,0.019,5,0,735,254," ",290.5437372222222,20.42979694444444
734,738,289.74999999999994,20.833333333333332,54.87,3.17,0.062,2,0,738,246," ",290.2909780555555,20.928650277777773
737,741,289.74999999999994,20.999999999999996,55.01,3.25,7.0,4,0,741,247," ",290.29010527777774,21.095314999999996
740,744,289.32499999999993,21.333333333333332,55.12,3.76,0.027,4,0,744,230," ",289.86308499999996,21.42670083333333
708,712,284.24999999999994,18.499999999999996,50.4,6.7,0.865,2,0,712,164," ",284.80040777777776,18.569832499999997
711,715,285.74999999999994,18.999999999999996,51.49,5.66,0.115,3,0,715,182," ",286.29842777777776,19.076857777777775
715,719,285.24999999999994,19.666666666666664,51.87,6.38,0.088,2,0,719,176," ",285.7946983333333,19.741177777777775
724,728,286.74999999999994,20.999999999999996,53.71,5.73,1.0,1,0,728,197," ",287.2883605555555,21.08149194444444
732,736,287.99999999999994,21.499999999999996,54.69,4.93,0.66,2,0,736,213," ",288.53639555555554,21.587274444444443
746,750,288.99999999999994,21.999999999999996,55.57,4.34,8.0,2,0,750,222," ",289.53433972222217,22.09186972222222
745,749,288.24999999999994,22.33333333333333,55.54,5.11,0.295,3,0,749,215," ",288.78207888888886,22.421750277777775
730,734,286.49999999999994,21.999999999999996,54.5,6.4,0.66,2,0,734,195," ",287.0328497222222,22.080316666666665
702,706,274.49999999999994,21.73333333333333,49.41,16.36,0.008,4,0,706,942," ",275.03010777777774,21.756472777777773
1657,1671,120.99999999999999,-31.999999999999996,249.58,-0.11,0.142,1,9,1665,425," ",121.49141055555553,-32.14442222222222
1656,1670,120.62499999999999,-31.499999999999996,248.99,-0.1,0.038,1,8,1664,424," ",121.11871638888887,-31.642865277777773
1655,1669,118.49999999999999,-29.499999999999996,246.32,-0.6,0.594,2,7,1663,423," ",119.00208999999998,-29.633921666666662
1654,1668,113.72499999999998,-24.78333333333333,240.1,-1.87,0.02,4,14,1662,422," ",114.24781694444442,-24.896512499999996
1652,1666,113.49999999999999,-23.999999999999996,239.32,-1.66,0.027,4,15,1660,421," ",114.02682083333332,-24.112187777777773
1651,1665,113.24999999999999,-23.499999999999996,238.77,-1.61,0.181,3,15,1659,420," ",113.77926916666665,-23.611079999999998
1653,1667,110.74999999999999,-25.666666666666664,239.57,-4.65,0.418,3,16,1661,417," ",111.26538833333332,-25.76647305555555
1650,1664,110.49999999999999,-24.499999999999996,238.43,-4.3,0.154,3,17,1658,416," ",111.02165416666665,-24.598685277777776
1647,1661,109.99999999999999,-23.999999999999996,237.78,-4.46,0.375,2,17,1655,415," ",110.52401666666665,-24.096414722222217
1646,1660,109.49999999999999,-23.83333333333333,237.41,-4.79,0.047,4,17,1654,414," ",110.02456472222221,-23.92746611111111
1645,1659,108.87499999999999,-23.249999999999996,236.63,-5.02,0.045,4,17,1653,413," ",109.40231444444443,-23.34127472222222
1649,1663,112.49999999999999,-22.999999999999996,237.99,-1.97,0.428,2,15,1656,419," ",113.03131055555554,-23.107732777777773
1648,1662,111.49999999999999,-23.499999999999996,237.99,-3.02,0.128,2,17,1657,418," ",112.02786222222221,-23.603227777777775
1691,1705,259.24999999999994,-32.08333333333333,354.34,2.84,0.034,5,0,1699,619," ",260.0626308333333,-32.133332777777774
1689,1703,258.87499999999994,-32.05,354.18,3.12,0.008,5,0,1697,604," ",259.6872058333333,-32.101792222222215
1696,1710,259.37499999999994,-31.899999999999995,354.55,2.85,0.106,5,0,1703,621," ",260.1864772222222,-31.94940444444444
1671,1685,256.49999999999994,-32.08333333333333,352.97,4.72,0.004,5,0,1679,545," 56",257.3109686111111,-32.14642166666666
1668,1682,256.24999999999994,-32.03333333333333,352.89,4.92,0.023,5,0,1676,540," 55",257.0604683333333,-32.097605833333326
1680,1694,256.74999999999994,-31.66666666666666,353.44,4.8,0.528,3,0,1688,550," ",257.55839555555553,-31.72857694444444
1677,1691,257.99999999999994,-32.49999999999999,353.39,3.46,0.987,3,0,1683,583," ",258.81470277777777,-32.55595861111111
1684,1698,257.99999999999994,-32.166666666666664,353.66,3.65,0.038,5,0,1692,582,"252",258.8124780555555,-32.222630555555554
1685,1699,258.075,-32.133333333333326,353.72,3.62,0.034,5,0,1693,585," ",258.88730138888883,-32.188940277777775
1687,1701,258.24999999999994,-32.05,353.88,3.55,0.006,3,0,1695,594," ",259.0618508333333,-32.10477444444444
1688,1702,258.24999999999994,-31.749999999999996,354.12,3.72,0.059,3,0,1696,593," ",259.0598658333333,-31.804778888888883
1679,1693,257.49999999999994,-32.166666666666664,353.41,3.99,0.014,3,0,1686,576," ",258.31217166666664,-32.22500944444444
1683,1697,257.49999999999994,-32.08333333333333,353.48,4.04,0.027,3,0,1690,575," ",258.31161888888886,-32.14167722222222
1686,1700,257.24999999999994,-31.499999999999996,353.82,4.56,0.535,2,0,1694,568," ",258.05762416666664,-31.55954055555555
1693,1707,257.49999999999994,-30.91666666666666,354.42,4.73,0.029,5,0,1701,574," ",258.30398527777777,-30.97502805555555
1692,1706,257.24999999999994,-30.83333333333333,354.36,4.95,0.95,3,0,1700,567," ",258.05329722222217,-30.892883611111106
1704,1718,257.99999999999994,-30.18333333333333,355.27,4.81,0.005,5,0,1712,581," ",258.79956555555555,-30.239326666666663
1665,1679,254.87499999999997,-32.83333333333333,351.54,5.36,0.011,3,0,1673,534," 49",255.6897583333333,-32.90407888888888
1663,1677,252.49999999999997,-31.999999999999996,350.95,7.45,10.16,1,0,1671,509,"237 234 239",253.30730888888885,-32.08186194444444
1681,1695,254.99999999999997,-30.499999999999996,353.47,6.7,0.54,2,0,1689,535,"241",255.79968527777774,-30.570191666666663
1694,1708,256.74999999999994,-30.33333333333333,354.51,5.59,0.047,4,0,1702,549," ",257.5497880555555,-30.395263055555553
1700,1714,257.24999999999994,-30.249999999999996,354.84,5.29,0.006,5,0,1708,566," ",258.04956027777774,-30.309558888888883
1701,1715,257.24999999999994,-30.16666666666666,354.9,5.34,0.003,5,0,1709,565," ",258.04902999999996,-30.226226666666662
1697,1711,256.99999999999994,-30.16666666666666,354.78,5.52,0.043,4,0,1705,557," ",257.79888083333327,-30.227413333333327
1699,1713,256.99999999999994,-30.13333333333333,354.8,5.54,0.007,4,0,1706,556," ",257.7986691666666,-30.19408055555555
1702,1716,256.74999999999994,-29.66666666666666,355.05,5.99,0.251,3,0,1710,548,"243",257.5455722222222,-29.728606111111105
1717,1731,255.74999999999997,-27.999999999999996,355.88,7.68,1.32,2,13,1725,538," ",256.53468749999996,-28.06669222222222
1658,1672,244.49999999999997,-27.999999999999996,349.37,15.3,0.74,4,10,1666,442," ",245.2751247222222,-28.118173055555552
1659,1673,246.74999999999997,-29.33333333333333,349.74,12.94,0.077,3,11,1667,456," ",247.53523694444442,-29.441495277777772
1660,1674,246.67499999999995,-28.666666666666664,350.2,13.44,0.009,3,12,1668,454," ",247.45625111111107,-28.775172777777772
1670,1684,246.99999999999997,-25.33333333333333,352.97,15.44,0.084,4,1,1678,458," ",247.76270999999997,-25.440421666666662
1669,1683,246.49999999999997,-24.999999999999996,352.92,16.0,2.43,1,1,1677,453," ",247.26044611111107,-25.109331944444442
1731,1745,251.49999999999997,-23.83333333333333,356.87,13.25,0.255,4,29,1739,494," ",252.25788055555552,-23.91993555555555
1698,1712,248.74999999999997,-24.33333333333333,354.83,14.88,1.56,5,1,1707,473," 44",249.50866499999998,-24.43253083333333
1675,1689,247.24999999999997,-24.98333333333333,353.4,15.5,0.007,6,1,1684,460," ",248.01100527777774,-25.089302777777775
1715,1729,249.99999999999997,-23.999999999999996,355.85,14.22,0.9,4,1,1724,479," ",250.7577683333333,-24.093499999999995
1661,1675,243.74999999999997,-25.999999999999996,350.41,17.16,1.1,4,1,1669,437,"229",244.51326055555552,-26.12148694444444
1662,1676,244.49999999999997,-25.999999999999996,350.89,16.67,2.86,3,1,1670,441," ",245.26401999999996,-26.118195555555552
1667,1681,245.99999999999997,-24.666666666666664,352.87,16.56,0.206,5,1,1675,448," ",246.75819638888885,-24.778233888888884
1672,1686,245.69999999999996,-24.216666666666665,353.03,17.06,0.016,6,1,1680,444," ",246.45551388888885,-24.32957361111111
1666,1680,244.49999999999997,-23.999999999999996,352.43,18.02,2.86,4,1,1674,440," ",245.25328888888885,-24.11821722222222
1674,1688,245.74999999999997,-23.999999999999996,353.23,17.17,0.76,4,1,1682,445," ",246.50440055555552,-24.11268694444444
1676,1690,245.94999999999996,-23.93333333333333,353.41,17.08,0.02,5,1,1685,447," ",246.70421749999997,-24.045131388888887
1678,1692,245.87499999999997,-23.83333333333333,353.44,17.2,0.007,5,1,1687,446," ",246.62862027777774,-23.94546611111111
1664,1678,243.24999999999997,-24.499999999999996,351.23,18.52,0.138,3,18,1672,436," ",244.0047458333333,-24.62368583333333
1673,1687,244.99999999999997,-23.499999999999996,353.14,18.02,3.17,3,1,1681,443," ",245.75109999999998,-23.616016944444443
1682,1696,246.44999999999996,-24.216666666666665,353.5,16.55,0.036,6,1,1691,451," 42",247.20616249999998,-24.32623083333333
1690,1704,246.94999999999996,-23.666666666666664,354.25,16.57,0.01,6,1,1698,457," ",247.70362749999995,-23.773998055555552
1695,1709,247.49999999999997,-23.666666666666664,354.59,16.19,0.099,6,1,1704,462," ",248.25406916666662,-23.77152583333333
1726,1740,248.29999999999995,-22.116666666666664,356.32,16.62,0.084,5,20,1735,469," ",249.04641472222218,-22.217930277777775
1730,1744,249.24999999999997,-22.166666666666664,356.87,15.91,0.099,5,19,1738,475," 45",249.9973397222222,-22.263613888888887
1725,1739,247.99999999999997,-21.916666666666664,356.3,16.96,0.093,3,21,1734,465," ",248.74514805555552,-22.01928972222222
1738,1752,246.74999999999997,-19.499999999999996,357.46,19.41,1.78,4,50,1747,455," 43",247.48185111111107,-19.608272499999998
1705,1719,244.24999999999997,-19.999999999999996,355.42,20.87,0.61,5,50,1714,439," ",244.98259249999995,-20.119357499999996
1703,1717,243.99999999999997,-19.999999999999996,355.25,21.04,0.357,3,50,1711,438," 41",244.73240388888885,-20.12045444444444
1707,1721,243.24999999999997,-18.999999999999996,355.55,22.24,0.287,3,51,1715,435," 40",243.97692222222219,-19.12374083333333
375,377,292.32499999999993,-22.499999999999996,16.74,-18.64,0.002,3,0,379,292," ",293.0718725,-22.392553611111108
